ad_id,ad_name,campaign_id,campaign_name,adset_id,effective_status,delivery,creative_id,created,updated,cur_spend_CAD,cur_impr,cur_reach,cur_freq,cur_cpm,cur_ctr_pct,cur_cpc,cur_link_clicks,cur_link_ctr_pct,cur_cost_per_lc,cur_leads,cur_CPL,click_to_lead_pct,leads_per_1k_impr,post_engagement,reactions,comments,saves,video_plays,3s_plays,thruplays,p25,p50,p75,p100,avg_watch_s,hook_rate_pct,hold_rate_pct,video_completion_pct,prev_spend_CAD,prev_leads,prev_CPL,prev_ctr_pct
120244131211150472,Water Softener | $29.99/mo,120244130929850472,All In One | PPC Guru,120244131211160472,ACTIVE,active,1720354539379332,8 May 2026,14 July 2026,7077.55,414203.0,212184.0,1.95,17.09,1.0,1.71,2708.0,0.65,2.61,278.0,25.46,10.27,0.67,75302.0,647.0,11.0,110.0,402973.0,71607.0,15493.0,25082.0,13699.0,7700.0,3074.0,3.0,17.29,21.64,4.29,7168.75,359.0,19.97,1.01
120247075867910472,AC Static V1 | Summer Countdown,120247075867960472,EC | HVAC + Water Heater | CBO | PPC Guru - New,120247075867840472,ACTIVE,active,1307097910992410,3 June 2026,29 June 2026,1830.85,23097.0,10075.0,2.29,79.27,1.7,4.67,240.0,1.04,7.63,37.0,49.48,15.42,1.6,267.0,22.0,1.0,1.0,,,,,,,,,,,,488.02,5.0,97.6,1.33
120250240167790472,Tankless Static V1 | Direct Challenge,120250240167520472,PPC Guru - Tankless,120250240167770472,ACTIVE,active,1543694484157180,29 June 2026,29 June 2026,1507.2,34385.0,18408.0,1.87,43.83,1.68,2.6,365.0,1.06,4.13,65.0,23.19,17.81,1.89,411.0,26.0,4.0,6.0,,,,,,,,,,,,,,,
120248510209200472,FIFA - V1,120247075867960472,EC | HVAC + Water Heater | CBO | PPC Guru - New,120247075867790472,ACTIVE,active,1919899255375033,15 June 2026,27 June 2026,1138.24,18784.0,10439.0,1.8,60.6,4.02,1.51,505.0,2.69,2.25,45.0,25.29,8.91,2.4,5777.0,165.0,6.0,8.0,18043.0,5074.0,1846.0,5627.0,3434.0,2519.0,1848.0,3.0,27.01,36.38,36.42,1097.15,57.0,19.25,3.32
120248510748340472,FIFA - V3,120247075867960472,EC | HVAC + Water Heater | CBO | PPC Guru - New,120247075867790472,ACTIVE,active,1926157281518261,15 June 2026,27 June 2026,1016.21,7516.0,3982.0,1.89,135.21,2.95,4.58,100.0,1.33,10.16,31.0,32.78,31.0,4.12,1660.0,15.0,,2.0,7108.0,1542.0,568.0,1787.0,1048.0,762.0,560.0,3.0,20.52,36.84,36.32,204.0,4.0,51.0,1.51
120247075867810472,Bundles | BROAD | tCPA_$30,120247075867960472,EC | HVAC + Water Heater | CBO | PPC Guru - New,120247075867830472,ACTIVE,active,1562516751931701,2 June 2026,29 June 2026,802.3,6968.0,4092.0,1.7,115.14,2.78,4.14,123.0,1.77,6.52,20.0,40.12,16.26,2.87,2156.0,28.0,1.0,5.0,6639.0,1998.0,345.0,769.0,370.0,225.0,129.0,4.0,28.67,17.27,6.46,550.79,8.0,68.85,1.8
120247075867880472,AC Reel V1 | Sleep Comfort,120247075867960472,EC | HVAC + Water Heater | CBO | PPC Guru - New,120247075867840472,ACTIVE,active,1746832113346052,3 June 2026,29 June 2026,726.71,18169.0,11712.0,1.55,40.0,1.71,2.34,178.0,0.98,4.08,27.0,26.92,15.17,1.49,3939.0,54.0,4.0,6.0,17512.0,3690.0,763.0,1699.0,830.0,490.0,272.0,3.0,20.31,20.68,7.37,209.11,4.0,52.28,1.17
120245407915020472,EV Charger V4,120245407914840472,EC | EV Charger  | PPC Guru,120245407914920472,CAMPAIGN_PAUSED,inactive,1015999087463947,20 May 2026,11 June 2026,705.86,20567.0,7054.0,2.92,34.32,1.44,2.38,197.0,0.96,3.58,39.0,18.1,19.8,1.9,212.0,9.0,,,40.0,4.0,,,,,,1.0,0.02,,,662.97,31.0,21.39,1.34
120247160823640472,AC Static V1 | Summer Countdown - WA,120247073146890472,PPC Guru - Whatsapp,120247160823650472,CAMPAIGN_PAUSED,inactive,1912882002702402,3 June 2026,30 June 2026,537.01,25696.0,10551.0,2.44,20.9,0.92,2.27,177.0,0.69,3.03,2.0,268.51,1.13,0.08,186.0,5.0,,3.0,,,,,,,,,,,,647.06,7.0,92.44,0.8
120247073146900472,Water Softener | $29.99/mo - WA,120247073146890472,PPC Guru - Whatsapp,120247073146880472,CAMPAIGN_PAUSED,inactive,1012746095028276,2 June 2026,30 June 2026,483.79,30935.0,14224.0,2.17,15.64,1.09,1.44,92.0,0.3,5.26,1.0,483.79,1.09,0.03,3437.0,45.0,7.0,10.0,18420.0,3266.0,752.0,1181.0,588.0,361.0,150.0,3.0,10.56,23.03,4.59,733.37,3.0,244.46,0.71
120247161551010472,Bundles | BROAD |  - WA,120247073146890472,PPC Guru - Whatsapp,120247161551000472,CAMPAIGN_PAUSED,inactive,1000404759046458,3 June 2026,30 June 2026,481.5,16411.0,6760.0,2.43,29.34,1.05,2.78,77.0,0.47,6.25,7.0,68.79,9.09,0.43,1974.0,20.0,,2.0,11283.0,1875.0,420.0,744.0,468.0,152.0,94.0,3.0,11.43,22.4,5.01,715.91,1.0,715.91,0.94
120248510610690472,FIFA - V2,120247075867960472,EC | HVAC + Water Heater | CBO | PPC Guru - New,120247075867790472,ACTIVE,active,1271202108418987,15 June 2026,27 June 2026,377.14,3946.0,2242.0,1.76,95.58,4.41,2.17,96.0,2.43,3.93,12.0,31.43,12.5,3.04,1934.0,49.0,2.0,3.0,3791.0,1782.0,452.0,1889.0,1356.0,784.0,448.0,4.0,45.16,25.36,25.14,30.63,2.0,15.32,2.13
120247075867800472,HVAC Reel V1 | Amana Trust,120247075867960472,EC | HVAC + Water Heater | CBO | PPC Guru - New,120247075867840472,ACTIVE,active,2042918253313860,3 June 2026,29 June 2026,332.29,3582.0,2080.0,1.72,92.77,2.71,3.43,50.0,1.4,6.65,12.0,27.69,24.0,3.35,797.0,5.0,,4.0,3427.0,736.0,254.0,394.0,262.0,184.0,74.0,4.0,20.55,34.51,10.05,962.48,13.0,74.04,1.11
120245407914980472,EV Charger V1,120245407914840472,EC | EV Charger  | PPC Guru,120245407914920472,CAMPAIGN_PAUSED,inactive,1273591587911173,20 May 2026,10 June 2026,299.99,8593.0,3995.0,2.15,34.91,1.36,2.56,83.0,0.97,3.61,9.0,33.33,10.84,1.05,90.0,5.0,,1.0,,,,,,,,,,,,731.77,28.0,26.13,1.3
120243819963780472,RT Tankless Static V1 | Quote Open,120243819963760472,EC | Retargeting | PPC Guru,120243819963770472,ACTIVE,active,1473826620611503,5 May 2026,1 June 2026,104.4,2308.0,866.0,2.67,45.23,1.95,2.32,26.0,1.13,4.02,4.0,26.1,15.38,1.73,30.0,2.0,,,,,,,,,,,,,,148.28,13.0,11.41,2.24
120247161292520472,HVAC Reel V1 | Amana Trust- WA,120247073146890472,PPC Guru - Whatsapp,120247160823650472,CAMPAIGN_PAUSED,inactive,1502506517410899,3 June 2026,30 June 2026,100.89,2790.0,1491.0,1.87,36.16,0.93,3.88,6.0,0.22,16.82,,,,,285.0,6.0,2.0,,1905.0,270.0,68.0,129.0,72.0,37.0,13.0,2.0,9.68,25.19,4.81,59.28,,,1.42
120243821602760472,RT AC Static V1 | Quote Open,120243819963760472,EC | Retargeting | PPC Guru,120243821602740472,ACTIVE,active,1309667754476656,5 May 2026,1 June 2026,96.98,1664.0,690.0,2.41,58.28,0.96,6.06,6.0,0.36,16.16,,,,,8.0,2.0,,,,,,,,,,,,,,84.4,4.0,21.1,2.14
120251303773730472,Tankless Static V1 | Direct Challenge,120251303773640472,Ottawa - Water Softner & Tankless,120251303773620472,ACTIVE,active,3958254407811144,20 July 2026,20 July 2026,67.26,1836.0,961.0,1.91,36.63,0.54,6.73,7.0,0.38,9.61,1.0,67.26,14.29,0.54,7.0,,,,,,,,,,,,,,,,,,
120248511092550472,FIFA - V6,120247075867960472,EC | HVAC + Water Heater | CBO | PPC Guru - New,120247075867790472,ACTIVE,active,1516923849896813,15 June 2026,27 June 2026,61.15,735.0,577.0,1.27,83.2,2.18,3.82,14.0,1.9,4.37,1.0,61.15,7.14,1.36,154.0,5.0,,,704.0,135.0,17.0,96.0,49.0,26.0,16.0,2.0,18.37,12.59,11.85,4.48,,,0.0
120251303773630472,Water Softener | $29.99/mo,120251303773640472,Ottawa - Water Softner & Tankless,120251303773740472,ACTIVE,active,1347853220195831,20 July 2026,20 July 2026,37.78,1216.0,974.0,1.25,31.07,1.56,1.99,10.0,0.82,3.78,2.0,18.89,20.0,1.64,224.0,2.0,,,1138.0,211.0,36.0,67.0,37.0,18.0,8.0,2.0,17.35,17.06,3.79,,,,
120245407915000472,EV Charger V3,120245407914840472,EC | EV Charger  | PPC Guru,120245407914920472,CAMPAIGN_PAUSED,inactive,1743135590026307,20 May 2026,1 June 2026,32.16,835.0,497.0,1.68,38.51,2.4,1.61,7.0,0.84,4.59,3.0,10.72,42.86,3.59,8.0,1.0,,,10.0,,,,,,,1.0,,,,30.39,5.0,6.08,2.86
120247075867920472,Complete Home Comfort Plan,120247075867960472,EC | HVAC + Water Heater | CBO | PPC Guru - New,120247075867790472,ACTIVE,active,1495550865632469,3 June 2026,27 June 2026,13.57,140.0,109.0,1.28,96.93,0.71,13.57,,,,,,,,31.0,,,,135.0,31.0,5.0,8.0,6.0,4.0,1.0,3.0,22.14,16.13,3.23,161.26,1.0,161.26,1.6
120248511049460472,FIFA - V5,120247075867960472,EC | HVAC + Water Heater | CBO | PPC Guru - New,120247075867790472,ACTIVE,active,1519938623170498,15 June 2026,27 June 2026,9.02,158.0,125.0,1.26,57.09,1.27,4.51,,,,,,,,33.0,,,,148.0,33.0,9.0,38.0,19.0,15.0,9.0,3.0,20.89,27.27,27.27,19.25,,,0.63
120245407915010472,EV Charger V2,120245407914840472,EC | EV Charger  | PPC Guru,120245407914920472,CAMPAIGN_PAUSED,inactive,1514027743698102,20 May 2026,10 June 2026,7.99,218.0,144.0,1.51,36.65,0.92,4.0,2.0,0.92,4.0,,,,,3.0,,,,3.0,1.0,,,,,,4.0,0.46,,,7.37,,,2.56
120245407914950472,EV Charger - Reel,120245407914840472,EC | EV Charger  | PPC Guru,120245407914920472,CAMPAIGN_PAUSED,inactive,1490694772737140,20 May 2026,20 May 2026,6.02,129.0,90.0,1.43,46.67,1.55,3.01,1.0,0.78,6.02,,,,,20.0,,,,120.0,19.0,6.0,24.0,12.0,8.0,6.0,2.0,14.73,31.58,31.58,9.19,1.0,9.19,2.45
120248510896050472,FIFA - V4,120247075867960472,EC | HVAC + Water Heater | CBO | PPC Guru - New,120247075867790472,ACTIVE,active,27810261185248697,15 June 2026,27 June 2026,3.23,82.0,77.0,1.06,39.39,0.0,,,,,,,,,12.0,,,,76.0,12.0,2.0,14.0,4.0,2.0,2.0,1.0,14.63,16.67,16.67,14.9,1.0,14.9,1.15
120243821551780472,RT Tankless Static V1 | Quote Open - Copy,120243819963760472,EC | Retargeting | PPC Guru,120243819963770472,ACTIVE,active,843430808230573,5 May 2026,8 May 2026,2.35,44.0,34.0,1.29,53.41,0.0,,,,,,,,,,,,,,,,,,,,,,,,1.75,,,0.0
120243821602730472,RT Heat Pump Static V1 | Quote Open,120243819963760472,EC | Retargeting | PPC Guru,120243821602740472,ACTIVE,active,1319304193456682,5 May 2026,8 May 2026,2.22,13.0,13.0,1.0,170.77,0.0,,,,,,,,,,,,,,,,,,,,,,,,1.76,,,0.0
120248509930350472,Product Reveal AI - V,120247075867960472,EC | HVAC + Water Heater | CBO | PPC Guru - New,120247075867790472,ACTIVE,active,997012952933813,15 June 2026,27 June 2026,1.23,18.0,17.0,1.06,68.33,0.0,,,,,,,,,4.0,,,,17.0,4.0,1.0,2.0,1.0,1.0,1.0,3.0,22.22,25.0,25.0,1.18,,,6.67
120251303773700472,HVAC Reel V1 | Amana Trust,120251303773640472,Ottawa - Water Softner & Tankless,120251303773720472,ADSET_PAUSED,inactive,1193139859645155,20 July 2026,20 July 2026,0.0,0.0,0.0,0.0,,,,,,,,,,,,,,,,,,,,,,,,,,,,,
120251303773690472,Tank | $5/wk Own It,120251303773640472,Ottawa - Water Softner & Tankless,120251303773620472,PAUSED,off,1723322812321014,20 July 2026,20 July 2026,0.0,0.0,0.0,0.0,,,,,,,,,,,,,,,,,,,,,,,,,,,,,
120251303773680472,AC Static V1 | Summer Countdown,120251303773640472,Ottawa - Water Softner & Tankless,120251303773720472,ADSET_PAUSED,inactive,1343130137975768,20 July 2026,20 July 2026,0.0,0.0,0.0,0.0,,,,,,,,,,,,,,,,,,,,,,,,,,,,,
120251303773670472,Heat Pump Static V1 | Bill in Half,120251303773640472,Ottawa - Water Softner & Tankless,120251303773710472,ADSET_PAUSED,inactive,985872804429626,20 July 2026,20 July 2026,0.0,0.0,0.0,0.0,,,,,,,,,,,,,,,,,,,,,,,,,,,,,
120251303773660472,AC Reel V1 | Sleep Comfort,120251303773640472,Ottawa - Water Softner & Tankless,120251303773720472,ADSET_PAUSED,inactive,860359266902152,20 July 2026,20 July 2026,0.0,0.0,0.0,0.0,,,,,,,,,,,,,,,,,,,,,,,,,,,,,
120251303773650472,Heat Pump Reel V1 | Hydro Bill Savings,120251303773640472,Ottawa - Water Softner & Tankless,120251303773710472,ADSET_PAUSED,inactive,1294818669391099,20 July 2026,20 July 2026,0.0,0.0,0.0,0.0,,,,,,,,,,,,,,,,,,,,,,,,,,,,,
120250240167780472,Tank | $5/wk Own It,120250240167520472,PPC Guru - Tankless,120250240167770472,PAUSED,off,880956617843894,29 June 2026,22 July 2026,0.0,0.0,0.0,0.0,,,,,,,,,,,,,,,,,,,,,,,,,,,,,
120247705604570472,World Cup Combo - 2 - New,120247075867960472,EC | HVAC + Water Heater | CBO | PPC Guru - New,120247075867830472,PAUSED,off,1724910111876939,8 June 2026,29 June 2026,0.0,0.0,0.0,0.0,,,,,,,,,,,,,,,,,,,,,,,,,,0.24,,,0.0
120247705604560472,World Cup Combo - 1 - New,120247075867960472,EC | HVAC + Water Heater | CBO | PPC Guru - New,120247075867830472,PAUSED,off,1022253306943728,8 June 2026,29 June 2026,0.0,0.0,0.0,0.0,,,,,,,,,,,,,,,,,,,,,,,,,,,,,
120247705443250472,World Cup Combo - 2,120247075867960472,EC | HVAC + Water Heater | CBO | PPC Guru - New,120247075867790472,PAUSED,off,984509944184191,8 June 2026,27 June 2026,0.0,0.0,0.0,0.0,,,,,,,,,,,,,,,,,,,,,,,,,,,,,
120247705305720472,World Cup Combo - 1,120247075867960472,EC | HVAC + Water Heater | CBO | PPC Guru - New,120247075867790472,PAUSED,off,1022253306943728,8 June 2026,27 June 2026,0.0,0.0,0.0,0.0,,,,,,,,,,,,,,,,,,,,,,,,,,,,,
120244607734670472,Complete Home Comfort Plan,120244604888810472,EC | HVAC + Water Heater | CBO | PPC Guru,120244607734660472,CAMPAIGN_PAUSED,inactive,1495550865632469,13 May 2026,1 June 2026,0.0,0.0,0.0,0.0,,,,,,,,,,,,,,,,,,,,,,,,,,15.31,,,2.45
120244606701330472,Heat Pump Reel V2 | Heat Pump Solutions,120244604888810472,EC | HVAC + Water Heater | CBO | PPC Guru,120244604888890472,ADSET_PAUSED,inactive,4344686265847056,13 May 2026,1 June 2026,0.0,0.0,0.0,0.0,,,,,,,,,,,,,,,,,,,,,,,,,,73.64,2.0,36.82,1.77
120244606392500472,Bundles | BROAD | tCPA_$30,120244604888810472,EC | HVAC + Water Heater | CBO | PPC Guru,120244606392480472,CAMPAIGN_PAUSED,inactive,1918663182082804,13 May 2026,1 June 2026,0.0,0.0,0.0,0.0,,,,,,,,,,,,,,,,,,,,,,,,,,140.31,3.0,46.77,1.63
120244605796510472,Tankless Video | Direct Challenge – Copy,120244604888810472,EC | HVAC + Water Heater | CBO | PPC Guru,120244604888930472,ADSET_PAUSED,inactive,1580095483987255,13 May 2026,13 May 2026,0.0,0.0,0.0,0.0,,,,,,,,,,,,,,,,,,,,,,,,,,5.18,,,1.99
120244605102430472,Tank | $29.99/Month Own It,120244604888810472,EC | HVAC + Water Heater | CBO | PPC Guru,120244604888930472,ADSET_PAUSED,inactive,1018366837199609,13 May 2026,13 May 2026,0.0,0.0,0.0,0.0,,,,,,,,,,,,,,,,,,,,,,,,,,1.26,,,0.0
120244604888920472,HVAC Reel V1 | Amana Trust,120244604888810472,EC | HVAC + Water Heater | CBO | PPC Guru,120244604888850472,CAMPAIGN_PAUSED,inactive,2042918253313860,13 May 2026,1 June 2026,0.0,0.0,0.0,0.0,,,,,,,,,,,,,,,,,,,,,,,,,,9.13,,,4.35
120244604888910472,Tankless Static V1 | Direct Challenge,120244604888810472,EC | HVAC + Water Heater | CBO | PPC Guru,120244604888930472,ADSET_PAUSED,inactive,4270166266646342,13 May 2026,1 June 2026,0.0,0.0,0.0,0.0,,,,,,,,,,,,,,,,,,,,,,,,,,152.16,9.0,16.91,1.72
120244604888900472,AC Reel V1 | Sleep Comfort,120244604888810472,EC | HVAC + Water Heater | CBO | PPC Guru,120244604888850472,CAMPAIGN_PAUSED,inactive,1746832113346052,13 May 2026,1 June 2026,0.0,0.0,0.0,0.0,,,,,,,,,,,,,,,,,,,,,,,,,,0.28,,,0.0
120244604888880472,Tank | $5/wk Own It,120244604888810472,EC | HVAC + Water Heater | CBO | PPC Guru,120244604888930472,ADSET_PAUSED,inactive,1521744322812465,13 May 2026,13 May 2026,0.0,0.0,0.0,0.0,,,,,,,,,,,,,,,,,,,,,,,,,,1.64,,,0.0
120244604888860472,Water Softener | $29.99/mo,120244604888810472,EC | HVAC + Water Heater | CBO | PPC Guru,120244604888870472,ADSET_PAUSED,inactive,1620240122614916,13 May 2026,13 May 2026,0.0,0.0,0.0,0.0,,,,,,,,,,,,,,,,,,,,,,,,,,,,,
120244604888840472,AC Static V1 | Summer Countdown,120244604888810472,EC | HVAC + Water Heater | CBO | PPC Guru,120244604888850472,CAMPAIGN_PAUSED,inactive,1307097910992410,13 May 2026,1 June 2026,0.0,0.0,0.0,0.0,,,,,,,,,,,,,,,,,,,,,,,,,,155.96,4.0,38.99,1.56
120244604888830472,Heat Pump Reel V1 | Hydro Bill Savings,120244604888810472,EC | HVAC + Water Heater | CBO | PPC Guru,120244604888890472,ADSET_PAUSED,inactive,1247102067223762,13 May 2026,13 May 2026,0.0,0.0,0.0,0.0,,,,,,,,,,,,,,,,,,,,,,,,,,0.33,,,11.11
120244604888820472,Heat Pump Static V1 | Bill in Half,120244604888810472,EC | HVAC + Water Heater | CBO | PPC Guru,120244604888890472,ADSET_PAUSED,inactive,1723575982390217,13 May 2026,13 May 2026,0.0,0.0,0.0,0.0,,,,,,,,,,,,,,,,,,,,,,,,,,0.15,,,0.0
120244131288560472,Tank | $5/wk Own It,120244130929850472,All In One | PPC Guru,120244131288580472,ADSET_PAUSED,inactive,1521744322812465,8 May 2026,2 June 2026,0.0,0.0,0.0,0.0,,,,,,,,,,,,,,,,,,,,,,,,,,,,,
120244131288550472,Tankless Static V1 | Direct Challenge,120244130929850472,All In One | PPC Guru,120244131288580472,ADSET_PAUSED,inactive,834426756391376,8 May 2026,2 June 2026,0.0,0.0,0.0,0.0,,,,,,,,,,,,,,,,,,,,,,,,,,,,,
120244130929910472,AC Reel V1 | Sleep Comfort,120244130929850472,All In One | PPC Guru,120244130929920472,ADSET_PAUSED,inactive,1746832113346052,8 May 2026,8 May 2026,0.0,0.0,0.0,0.0,,,,,,,,,,,,,,,,,,,,,,,,,,,,,
120244130929900472,Heat Pump Static V1 | Bill in Half,120244130929850472,All In One | PPC Guru,120244130929870472,ADSET_PAUSED,inactive,1723575982390217,8 May 2026,2 June 2026,0.0,0.0,0.0,0.0,,,,,,,,,,,,,,,,,,,,,,,,,,,,,
120244130929890472,Heat Pump Reel V1 | Hydro Bill Savings,120244130929850472,All In One | PPC Guru,120244130929870472,ADSET_PAUSED,inactive,1247102067223762,8 May 2026,2 June 2026,0.0,0.0,0.0,0.0,,,,,,,,,,,,,,,,,,,,,,,,,,,,,
120244130929880472,AC Static V1 | Summer Countdown,120244130929850472,All In One | PPC Guru,120244130929920472,ADSET_PAUSED,inactive,3700737626732627,8 May 2026,8 May 2026,0.0,0.0,0.0,0.0,,,,,,,,,,,,,,,,,,,,,,,,,,,,,
120244130929860472,HVAC Reel V1 | Amana Trust,120244130929850472,All In One | PPC Guru,120244130929920472,ADSET_PAUSED,inactive,2042918253313860,8 May 2026,8 May 2026,0.0,0.0,0.0,0.0,,,,,,,,,,,,,,,,,,,,,,,,,,,,,
120244033139000472,Water Heater-V7,120236708171390472,EcoCare_WaterHeater | Leads | JET,120244033138990472,CAMPAIGN_PAUSED,inactive,1319982960051152,7 May 2026,7 May 2026,0.0,0.0,0.0,0.0,,,,,,,,,,,,,,,,,,,,,,,,,,,,,
120243816676670472,Water Softener | $29.99/mo,120243816676660472,EC | Water Treatment | PPC Guru,120243816676680472,CAMPAIGN_PAUSED,inactive,2056733958206614,5 May 2026,2 June 2026,0.0,0.0,0.0,0.0,,,,,,,,,,,,,,,,,,,,,,,,,,,,,
120243815444070472,Heat Pump Reel V1 | Hydro Bill Savings,120243814694840472,EC | HVAC | PPC Guru,120243815444040472,CAMPAIGN_PAUSED,inactive,4390280221216967,5 May 2026,2 June 2026,0.0,0.0,0.0,0.0,,,,,,,,,,,,,,,,,,,,,,,,,,,,,
120243815444050472,Heat Pump Static V1 | Bill in Half,120243814694840472,EC | HVAC | PPC Guru,120243815444040472,CAMPAIGN_PAUSED,inactive,1518906226251653,5 May 2026,2 June 2026,0.0,0.0,0.0,0.0,,,,,,,,,,,,,,,,,,,,,,,,,,,,,
120243815213170472,AC Static V1 | Summer Countdown,120243814694840472,EC | HVAC | PPC Guru,120243814694850472,CAMPAIGN_PAUSED,inactive,978236251696195,5 May 2026,2 June 2026,0.0,0.0,0.0,0.0,,,,,,,,,,,,,,,,,,,,,,,,,,,,,
120243815111920472,HVAC Reel V1 | Amana Trust,120243814694840472,EC | HVAC | PPC Guru,120243814694850472,CAMPAIGN_PAUSED,inactive,1889132845121965,5 May 2026,2 June 2026,0.0,0.0,0.0,0.0,,,,,,,,,,,,,,,,,,,,,,,,,,,,,
120243814694860472,AC Reel V1 | Sleep Comfort,120243814694840472,EC | HVAC | PPC Guru,120243814694850472,CAMPAIGN_PAUSED,inactive,1391002956386066,5 May 2026,2 June 2026,0.0,0.0,0.0,0.0,,,,,,,,,,,,,,,,,,,,,,,,,,,,,
120243814213080472,Tank | $5/wk Own It,120243727302290472,EC | Water Heater | PPC Guru,120243727302280472,CAMPAIGN_PAUSED,inactive,26633257716327411,5 May 2026,2 June 2026,0.0,0.0,0.0,0.0,,,,,,,,,,,,,,,,,,,,,,,,,,,,,
120243727302300472,Tankless Static V1 | Direct Challenge,120243727302290472,EC | Water Heater | PPC Guru,120243727302280472,CAMPAIGN_PAUSED,inactive,4136716463293014,5 May 2026,2 June 2026,0.0,0.0,0.0,0.0,,,,,,,,,,,,,,,,,,,,,,,,,,,,,
120243466027850472,AC_Your-home-deserves-to-stay-cool,120240190078760472,EcoCare | Air Conditioner | Instant Forms | Leads | JET,120243466027840472,CAMPAIGN_PAUSED,inactive,1714822733013168,1 May 2026,1 May 2026,0.0,0.0,0.0,0.0,,,,,,,,,,,,,,,,,,,,,,,,,,,,,
120243465734910472,AC_Dont-wait,120240190078760472,EcoCare | Air Conditioner | Instant Forms | Leads | JET,120243465734920472,CAMPAIGN_PAUSED,inactive,1155947877592528,1 May 2026,1 May 2026,0.0,0.0,0.0,0.0,,,,,,,,,,,,,,,,,,,,,,,,,,,,,
120243464423390472,EV_More-than-a-plug_V1,120243463055970472,EcoCare | EV Charger | Instant Forms | Leads | JET,120243464423380472,CAMPAIGN_PAUSED,inactive,1672561147272597,1 May 2026,4 May 2026,0.0,0.0,0.0,0.0,,,,,,,,,,,,,,,,,,,,,,,,,,,,,
120243464198370472,EV_Still-charging-from-wall?_V1,120243463055970472,EcoCare | EV Charger | Instant Forms | Leads | JET,120243464198360472,ADSET_PAUSED,inactive,1291367753193662,1 May 2026,4 May 2026,0.0,0.0,0.0,0.0,,,,,,,,,,,,,,,,,,,,,,,,,,,,,
120243463056200472,EV_Just-got-an-EV?_V1,120243463055970472,EcoCare | EV Charger | Instant Forms | Leads | JET,120243463056100472,CAMPAIGN_PAUSED,inactive,1633428741227122,1 May 2026,4 May 2026,0.0,0.0,0.0,0.0,,,,,,,,,,,,,,,,,,,,,,,,,,,,,
120242556032730472,Free AC with furnace,120241597504140472,EcoCare | Prospecting | PPC Guru,120242556032690472,CAMPAIGN_PAUSED,inactive,997309932798867,22 April 2026,22 April 2026,0.0,0.0,0.0,0.0,,,,,,,,,,,,,,,,,,,,,,,,,,,,,
120242556032720472,AC rental scam,120241597504140472,EcoCare | Prospecting | PPC Guru,120242556032690472,CAMPAIGN_PAUSED,inactive,1513421390155862,22 April 2026,22 April 2026,0.0,0.0,0.0,0.0,,,,,,,,,,,,,,,,,,,,,,,,,,,,,
120242556032700472,"Leaking bucket"" heat pump",120241597504140472,EcoCare | Prospecting | PPC Guru,120242556032690472,CAMPAIGN_PAUSED,inactive,982143337722652,22 April 2026,22 April 2026,0.0,0.0,0.0,0.0,,,,,,,,,,,,,,,,,,,,,,,,,,,,,
120242555713330472,Rental scam / 3x overpaying,120241597504140472,EcoCare | Prospecting | PPC Guru,120242555713340472,CAMPAIGN_PAUSED,inactive,2011167652945208,22 April 2026,22 April 2026,0.0,0.0,0.0,0.0,,,,,,,,,,,,,,,,,,,,,,,,,,,,,
120242555713320472,Netflix rewind,120241597504140472,EcoCare | Prospecting | PPC Guru,120242555713340472,PAUSED,off,1451636796502455,22 April 2026,22 April 2026,0.0,0.0,0.0,0.0,,,,,,,,,,,,,,,,,,,,,,,,,,,,,
120242055019130472,Water Heater-V6_6 - Copy,120240148621770472,EcoCare | Water Heater & Purification | Instant Forms | Leads | JET,120242055019020472,CAMPAIGN_PAUSED,inactive,1500939241672945,16 April 2026,16 April 2026,0.0,0.0,0.0,0.0,,,,,,,,,,,,,,,,,,,,,,,,,,,,,
120242055019120472,Water Heater-V6_5 - Copy,120240148621770472,EcoCare | Water Heater & Purification | Instant Forms | Leads | JET,120242055019020472,CAMPAIGN_PAUSED,inactive,1990589808222502,16 April 2026,16 April 2026,0.0,0.0,0.0,0.0,,,,,,,,,,,,,,,,,,,,,,,,,,,,,
120242055019110472,Water Heater-V6_1 - Copy,120240148621770472,EcoCare | Water Heater & Purification | Instant Forms | Leads | JET,120242055019020472,CAMPAIGN_PAUSED,inactive,1857713174938436,16 April 2026,16 April 2026,0.0,0.0,0.0,0.0,,,,,,,,,,,,,,,,,,,,,,,,,,,,,
120242055019100472,Water Heater-V6_3 - Copy,120240148621770472,EcoCare | Water Heater & Purification | Instant Forms | Leads | JET,120242055019020472,CAMPAIGN_PAUSED,inactive,1531693831645124,16 April 2026,16 April 2026,0.0,0.0,0.0,0.0,,,,,,,,,,,,,,,,,,,,,,,,,,,,,
120242055019090472,Water Heater-V6_4 - Copy,120240148621770472,EcoCare | Water Heater & Purification | Instant Forms | Leads | JET,120242055019020472,CAMPAIGN_PAUSED,inactive,1482887339886771,16 April 2026,21 April 2026,0.0,0.0,0.0,0.0,,,,,,,,,,,,,,,,,,,,,,,,,,,,,
120242055019080472,Water Heater-V6_2 - Copy,120240148621770472,EcoCare | Water Heater & Purification | Instant Forms | Leads | JET,120242055019020472,CAMPAIGN_PAUSED,inactive,1888901571765486,16 April 2026,16 April 2026,0.0,0.0,0.0,0.0,,,,,,,,,,,,,,,,,,,,,,,,,,,,,
120242055019070472,Water Heater-V6_8 - Copy,120240148621770472,EcoCare | Water Heater & Purification | Instant Forms | Leads | JET,120242055019020472,CAMPAIGN_PAUSED,inactive,953706404082757,16 April 2026,16 April 2026,0.0,0.0,0.0,0.0,,,,,,,,,,,,,,,,,,,,,,,,,,,,,
120242055019060472,Water Heater-V6_7 - Copy,120240148621770472,EcoCare | Water Heater & Purification | Instant Forms | Leads | JET,120242055019020472,CAMPAIGN_PAUSED,inactive,2505723783244673,16 April 2026,16 April 2026,0.0,0.0,0.0,0.0,,,,,,,,,,,,,,,,,,,,,,,,,,,,,
120242055019050472,water-heater_vid3,120240148621770472,EcoCare | Water Heater & Purification | Instant Forms | Leads | JET,120242055019020472,PAUSED,off,1895839451096647,16 April 2026,16 April 2026,0.0,0.0,0.0,0.0,,,,,,,,,,,,,,,,,,,,,,,,,,,,,
120242055019040472,water-heater_vid2,120240148621770472,EcoCare | Water Heater & Purification | Instant Forms | Leads | JET,120242055019020472,PAUSED,off,780147974913183,16 April 2026,16 April 2026,0.0,0.0,0.0,0.0,,,,,,,,,,,,,,,,,,,,,,,,,,,,,
120242055019030472,water-heater_vid1,120240148621770472,EcoCare | Water Heater & Purification | Instant Forms | Leads | JET,120242055019020472,PAUSED,off,2063268124248806,16 April 2026,16 April 2026,0.0,0.0,0.0,0.0,,,,,,,,,,,,,,,,,,,,,,,,,,,,,
120242055005150472,Water Heater-V6_2 - Copy,120240148621770472,EcoCare | Water Heater & Purification | Instant Forms | Leads | JET,120240435167830472,PAUSED,off,1888901571765486,16 April 2026,16 April 2026,0.0,0.0,0.0,0.0,,,,,,,,,,,,,,,,,,,,,,,,,,,,,
120242055005140472,Water Heater-V6_8 - Copy,120240148621770472,EcoCare | Water Heater & Purification | Instant Forms | Leads | JET,120240435167830472,PAUSED,off,953706404082757,16 April 2026,16 April 2026,0.0,0.0,0.0,0.0,,,,,,,,,,,,,,,,,,,,,,,,,,,,,
120242055005120472,Water Heater-V6_3 - Copy,120240148621770472,EcoCare | Water Heater & Purification | Instant Forms | Leads | JET,120240435167830472,PAUSED,off,1531693831645124,16 April 2026,16 April 2026,0.0,0.0,0.0,0.0,,,,,,,,,,,,,,,,,,,,,,,,,,,,,
120242055005110472,Water Heater-V6_4 - Copy,120240148621770472,EcoCare | Water Heater & Purification | Instant Forms | Leads | JET,120240435167830472,PAUSED,off,1482887339886771,16 April 2026,16 April 2026,0.0,0.0,0.0,0.0,,,,,,,,,,,,,,,,,,,,,,,,,,,,,
120242055005100472,Water Heater-V6_5 - Copy,120240148621770472,EcoCare | Water Heater & Purification | Instant Forms | Leads | JET,120240435167830472,PAUSED,off,1990589808222502,16 April 2026,16 April 2026,0.0,0.0,0.0,0.0,,,,,,,,,,,,,,,,,,,,,,,,,,,,,
120242055005090472,Water Heater-V6_7 - Copy,120240148621770472,EcoCare | Water Heater & Purification | Instant Forms | Leads | JET,120240435167830472,PAUSED,off,2505723783244673,16 April 2026,16 April 2026,0.0,0.0,0.0,0.0,,,,,,,,,,,,,,,,,,,,,,,,,,,,,
120242055005080472,Water Heater-V6_6 - Copy,120240148621770472,EcoCare | Water Heater & Purification | Instant Forms | Leads | JET,120240435167830472,PAUSED,off,1500939241672945,16 April 2026,16 April 2026,0.0,0.0,0.0,0.0,,,,,,,,,,,,,,,,,,,,,,,,,,,,,
120242055005070472,Water Heater-V6_1 - Copy,120240148621770472,EcoCare | Water Heater & Purification | Instant Forms | Leads | JET,120240435167830472,PAUSED,off,1857713174938436,16 April 2026,16 April 2026,0.0,0.0,0.0,0.0,,,,,,,,,,,,,,,,,,,,,,,,,,,,,
120241998289730472,Free AC with furnace,120241597504140472,EcoCare | Prospecting | PPC Guru,120241989224290472,ADSET_PAUSED,inactive,2171776073573139,15 April 2026,15 April 2026,0.0,0.0,0.0,0.0,,,,,,,,,,,,,,,,,,,,,,,,,,,,,
120241998146430472,AC rental scam,120241597504140472,EcoCare | Prospecting | PPC Guru,120241989224290472,ADSET_PAUSED,inactive,1513421390155862,15 April 2026,15 April 2026,0.0,0.0,0.0,0.0,,,,,,,,,,,,,,,,,,,,,,,,,,,,,
120241989224300472,"Leaking bucket"" heat pump",120241597504140472,EcoCare | Prospecting | PPC Guru,120241989224290472,ADSET_PAUSED,inactive,982143337722652,15 April 2026,15 April 2026,0.0,0.0,0.0,0.0,,,,,,,,,,,,,,,,,,,,,,,,,,,,,
120241988352020472,Rental scam / 3x overpaying,120241597504140472,EcoCare | Prospecting | PPC Guru,120241985395510472,ADSET_PAUSED,inactive,2011167652945208,15 April 2026,15 April 2026,0.0,0.0,0.0,0.0,,,,,,,,,,,,,,,,,,,,,,,,,,,,,
120241987900860472,Water Heater-V6_5,120236708171390472,EcoCare_WaterHeater | Leads | JET,120241987750130472,PAUSED,off,1893919261491353,15 April 2026,7 May 2026,0.0,0.0,0.0,0.0,,,,,,,,,,,,,,,,,,,,,,,,,,,,,
120241987894790472,Water Heater-V6_8,120236708171390472,EcoCare_WaterHeater | Leads | JET,120241987750130472,CAMPAIGN_PAUSED,inactive,952756660794917,15 April 2026,7 May 2026,0.0,0.0,0.0,0.0,,,,,,,,,,,,,,,,,,,,,,,,,,,,,
120241987889740472,Water Heater-V6_6,120236708171390472,EcoCare_WaterHeater | Leads | JET,120241987750130472,PAUSED,off,841650398247761,15 April 2026,7 May 2026,0.0,0.0,0.0,0.0,,,,,,,,,,,,,,,,,,,,,,,,,,,,,
120241987886720472,Water Heater-V6_3,120236708171390472,EcoCare_WaterHeater | Leads | JET,120241987750130472,PAUSED,off,2566832590433755,15 April 2026,7 May 2026,0.0,0.0,0.0,0.0,,,,,,,,,,,,,,,,,,,,,,,,,,,,,
120241987881400472,Water Heater-V6_7,120236708171390472,EcoCare_WaterHeater | Leads | JET,120241987750130472,PAUSED,off,1610578286877015,15 April 2026,7 May 2026,0.0,0.0,0.0,0.0,,,,,,,,,,,,,,,,,,,,,,,,,,,,,
120241987877850472,Water Heater-V6_1,120236708171390472,EcoCare_WaterHeater | Leads | JET,120241987750130472,PAUSED,off,876508438743008,15 April 2026,7 May 2026,0.0,0.0,0.0,0.0,,,,,,,,,,,,,,,,,,,,,,,,,,,,,
120241987873890472,Water Heater-V6_2,120236708171390472,EcoCare_WaterHeater | Leads | JET,120241987750130472,PAUSED,off,1304335454959350,15 April 2026,7 May 2026,0.0,0.0,0.0,0.0,,,,,,,,,,,,,,,,,,,,,,,,,,,,,
120241987750160472,Water Heater-V6_4,120236708171390472,EcoCare_WaterHeater | Leads | JET,120241987750130472,CAMPAIGN_PAUSED,inactive,1984555652268415,15 April 2026,7 May 2026,0.0,0.0,0.0,0.0,,,,,,,,,,,,,,,,,,,,,,,,,,,,,
120241985395500472,Netflix rewind,120241597504140472,EcoCare | Prospecting | PPC Guru,120241985395510472,PAUSED,off,1451636796502455,15 April 2026,22 April 2026,0.0,0.0,0.0,0.0,,,,,,,,,,,,,,,,,,,,,,,,,,,,,
120241597504160472,PPC Guru Ads Ecocare Comfort,120241597504140472,EcoCare | Prospecting | PPC Guru,120241597504150472,PAUSED,off,1697846071655748,10 April 2026,8 May 2026,0.0,0.0,0.0,0.0,,,,,,,,,,,,,,,,,,,,,,,,,,,,,
120241235246620472,water-heater_comparison,120236708171390472,EcoCare_WaterHeater | Leads | JET,120237635875410472,PAUSED,off,1448907743207643,6 April 2026,6 April 2026,0.0,0.0,0.0,0.0,,,,,,,,,,,,,,,,,,,,,,,,,,,,,
120241235246610472,water-heater_staredown,120236708171390472,EcoCare_WaterHeater | Leads | JET,120237635875410472,PAUSED,off,26341625892159885,6 April 2026,6 April 2026,0.0,0.0,0.0,0.0,,,,,,,,,,,,,,,,,,,,,,,,,,,,,
120241235246600472,water-heater_ownership,120236708171390472,EcoCare_WaterHeater | Leads | JET,120237635875410472,PAUSED,off,1382912733863649,6 April 2026,6 April 2026,0.0,0.0,0.0,0.0,,,,,,,,,,,,,,,,,,,,,,,,,,,,,
120241235246590472,water-heater_chartv2,120236708171390472,EcoCare_WaterHeater | Leads | JET,120237635875410472,PAUSED,off,26321572577501748,6 April 2026,6 April 2026,0.0,0.0,0.0,0.0,,,,,,,,,,,,,,,,,,,,,,,,,,,,,
120241235246580472,water-heater_chartv1,120236708171390472,EcoCare_WaterHeater | Leads | JET,120237635875410472,ADSET_PAUSED,inactive,928309010094525,6 April 2026,6 April 2026,0.0,0.0,0.0,0.0,,,,,,,,,,,,,,,,,,,,,,,,,,,,,
120240435454700472,furnace-video-3,120240189902260472,EcoCare | Furnace | Instant Forms | Leads | JET,120240435372870472,CAMPAIGN_PAUSED,inactive,2388786114960694,26 March 2026,26 March 2026,0.0,0.0,0.0,0.0,,,,,,,,,,,,,,,,,,,,,,,,,,,,,
120240435405470472,furnace-bundle-video-2,120240189902260472,EcoCare | Furnace | Instant Forms | Leads | JET,120240435372870472,CAMPAIGN_PAUSED,inactive,908737288591681,26 March 2026,26 March 2026,0.0,0.0,0.0,0.0,,,,,,,,,,,,,,,,,,,,,,,,,,,,,
120240435402160472,furnace-video-2,120240189902260472,EcoCare | Furnace | Instant Forms | Leads | JET,120240435372870472,CAMPAIGN_PAUSED,inactive,1600314474609301,26 March 2026,26 March 2026,0.0,0.0,0.0,0.0,,,,,,,,,,,,,,,,,,,,,,,,,,,,,
120240435372890472,furnace-bundle-video-1,120240189902260472,EcoCare | Furnace | Instant Forms | Leads | JET,120240435372870472,CAMPAIGN_PAUSED,inactive,1267693291993886,26 March 2026,26 March 2026,0.0,0.0,0.0,0.0,,,,,,,,,,,,,,,,,,,,,,,,,,,,,
120240435297370472,water-heater_vid3,120240148621770472,EcoCare | Water Heater & Purification | Instant Forms | Leads | JET,120240435167830472,PAUSED,off,1895839451096647,26 March 2026,15 April 2026,0.0,0.0,0.0,0.0,,,,,,,,,,,,,,,,,,,,,,,,,,,,,
120240435282810472,water-heater_vid2,120240148621770472,EcoCare | Water Heater & Purification | Instant Forms | Leads | JET,120240435167830472,ADSET_PAUSED,inactive,780147974913183,26 March 2026,2 April 2026,0.0,0.0,0.0,0.0,,,,,,,,,,,,,,,,,,,,,,,,,,,,,
120240435167850472,water-heater_vid1,120240148621770472,EcoCare | Water Heater & Purification | Instant Forms | Leads | JET,120240435167830472,ADSET_PAUSED,inactive,2063268124248806,26 March 2026,15 April 2026,0.0,0.0,0.0,0.0,,,,,,,,,,,,,,,,,,,,,,,,,,,,,
120240189936420472,Furnace_Cycling,120240189902260472,EcoCare | Furnace | Instant Forms | Leads | JET,120240189908690472,ADSET_PAUSED,inactive,1265606418870443,20 March 2026,22 March 2026,0.0,0.0,0.0,0.0,,,,,,,,,,,,,,,,,,,,,,,,,,,,,
120240189936410472,Furnace_Tune-Up-Before&After,120240189902260472,EcoCare | Furnace | Instant Forms | Leads | JET,120240189908690472,ADSET_PAUSED,inactive,2373611129731621,20 March 2026,22 March 2026,0.0,0.0,0.0,0.0,,,,,,,,,,,,,,,,,,,,,,,,,,,,,
120240189936400472,Furnace_Free-iPad_V1,120240189902260472,EcoCare | Furnace | Instant Forms | Leads | JET,120240189908690472,ADSET_PAUSED,inactive,2044131219779885,20 March 2026,22 March 2026,0.0,0.0,0.0,0.0,,,,,,,,,,,,,,,,,,,,,,,,,,,,,
120240189936390472,Furnace_Rebates,120240189902260472,EcoCare | Furnace | Instant Forms | Leads | JET,120240189908690472,ADSET_PAUSED,inactive,3842490592548524,20 March 2026,22 March 2026,0.0,0.0,0.0,0.0,,,,,,,,,,,,,,,,,,,,,,,,,,,,,
120240189936380472,Furnace_Emergency-Repair,120240189902260472,EcoCare | Furnace | Instant Forms | Leads | JET,120240189908690472,ADSET_PAUSED,inactive,1405700337968637,20 March 2026,22 March 2026,0.0,0.0,0.0,0.0,,,,,,,,,,,,,,,,,,,,,,,,,,,,,
120240189936370472,Furnace_Free-iPad_V2,120240189902260472,EcoCare | Furnace | Instant Forms | Leads | JET,120240189908690472,ADSET_PAUSED,inactive,1460870322379836,20 March 2026,22 March 2026,0.0,0.0,0.0,0.0,,,,,,,,,,,,,,,,,,,,,,,,,,,,,
120240148967370472,Water-Softener_Rebate,120240148621770472,EcoCare | Water Heater & Purification | Instant Forms | Leads | JET,120240148958900472,PAUSED,off,1592442528530707,19 March 2026,26 March 2026,0.0,0.0,0.0,0.0,,,,,,,,,,,,,,,,,,,,,,,,,,,,,
120240148967360472,Water-Softener_Deep-well,120240148621770472,EcoCare | Water Heater & Purification | Instant Forms | Leads | JET,120240148958900472,PAUSED,off,1591488952088816,19 March 2026,30 March 2026,0.0,0.0,0.0,0.0,,,,,,,,,,,,,,,,,,,,,,,,,,,,,
120240148967350472,Water-Softener_Evergreen-V1,120240148621770472,EcoCare | Water Heater & Purification | Instant Forms | Leads | JET,120240148958900472,PAUSED,off,1466473875193267,19 March 2026,30 March 2026,0.0,0.0,0.0,0.0,,,,,,,,,,,,,,,,,,,,,,,,,,,,,
120240148967340472,Water-Softener_Evergreen-V2,120240148621770472,EcoCare | Water Heater & Purification | Instant Forms | Leads | JET,120240148958900472,ADSET_PAUSED,inactive,1285480166981505,19 March 2026,23 March 2026,0.0,0.0,0.0,0.0,,,,,,,,,,,,,,,,,,,,,,,,,,,,,
120240148621810472,Heater_Bundle-15off_V1,120240148621770472,EcoCare | Water Heater & Purification | Instant Forms | Leads | JET,120240148621860472,ADSET_PAUSED,inactive,1684631302974723,19 March 2026,21 March 2026,0.0,0.0,0.0,0.0,,,,,,,,,,,,,,,,,,,,,,,,,,,,,
120240148621800472,Heatpump_Only-$39,120240148621770472,EcoCare | Water Heater & Purification | Instant Forms | Leads | JET,120240148621860472,ADSET_PAUSED,inactive,962233382866427,19 March 2026,20 March 2026,0.0,0.0,0.0,0.0,,,,,,,,,,,,,,,,,,,,,,,,,,,,,
120240148621790472,Heater_Bundle-15off_V2,120240148621770472,EcoCare | Water Heater & Purification | Instant Forms | Leads | JET,120240148621860472,ADSET_PAUSED,inactive,791610470658559,19 March 2026,21 March 2026,0.0,0.0,0.0,0.0,,,,,,,,,,,,,,,,,,,,,,,,,,,,,
120240148621780472,Heater_Water-Heater-Repair,120240148621770472,EcoCare | Water Heater & Purification | Instant Forms | Leads | JET,120240148621860472,ADSET_PAUSED,inactive,1266030384862041,19 March 2026,21 March 2026,0.0,0.0,0.0,0.0,,,,,,,,,,,,,,,,,,,,,,,,,,,,,
120240148621760472,Heater_Tankless-Offer,120240148621770472,EcoCare | Water Heater & Purification | Instant Forms | Leads | JET,120240148621860472,PAUSED,off,905316979173383,19 March 2026,30 March 2026,0.0,0.0,0.0,0.0,,,,,,,,,,,,,,,,,,,,,,,,,,,,,
120240107553530472,HVAC_Whole-Home-Comfort,120240107509690472,EcoCare | HVAC Repair | Website Leads | JET,120240107509720472,CAMPAIGN_PAUSED,inactive,3454316421388100,18 March 2026,18 March 2026,0.0,0.0,0.0,0.0,,,,,,,,,,,,,,,,,,,,,,,,,,,,,
120240107538710472,HVAC_One-Visit,120240107509690472,EcoCare | HVAC Repair | Website Leads | JET,120240107509720472,CAMPAIGN_PAUSED,inactive,1896235917695757,18 March 2026,18 March 2026,0.0,0.0,0.0,0.0,,,,,,,,,,,,,,,,,,,,,,,,,,,,,
120240107536400472,HVAC_Repair-V3,120240107509690472,EcoCare | HVAC Repair | Website Leads | JET,120240107509720472,CAMPAIGN_PAUSED,inactive,26181426864858789,18 March 2026,18 March 2026,0.0,0.0,0.0,0.0,,,,,,,,,,,,,,,,,,,,,,,,,,,,,
120240107523230472,HVAC_Repair-V2,120240107509690472,EcoCare | HVAC Repair | Website Leads | JET,120240107509720472,CAMPAIGN_PAUSED,inactive,1625367905452914,18 March 2026,18 March 2026,0.0,0.0,0.0,0.0,,,,,,,,,,,,,,,,,,,,,,,,,,,,,
120240107509710472,HVAC_Repair-V1,120240107509690472,EcoCare | HVAC Repair | Website Leads | JET,120240107509720472,CAMPAIGN_PAUSED,inactive,774228848760434,18 March 2026,18 March 2026,0.0,0.0,0.0,0.0,,,,,,,,,,,,,,,,,,,,,,,,,,,,,
120240107489600472,Aircon_Summer-Savings,120240107418340472,EcoCare | Air Conditioner | Website Leads | JET,120240107418350472,CAMPAIGN_PAUSED,inactive,1640522323904532,18 March 2026,18 March 2026,0.0,0.0,0.0,0.0,,,,,,,,,,,,,,,,,,,,,,,,,,,,,
120240107476970472,Aircon_Summer-ON,120240107418340472,EcoCare | Air Conditioner | Website Leads | JET,120240107418350472,CAMPAIGN_PAUSED,inactive,910389601973934,18 March 2026,18 March 2026,0.0,0.0,0.0,0.0,,,,,,,,,,,,,,,,,,,,,,,,,,,,,
120240107418410472,Aircon_CN-Tower,120240107418340472,EcoCare | Air Conditioner | Website Leads | JET,120240107418350472,CAMPAIGN_PAUSED,inactive,797134726764992,18 March 2026,18 March 2026,0.0,0.0,0.0,0.0,,,,,,,,,,,,,,,,,,,,,,,,,,,,,
120240107327430472,Water-Softener_Rebate,120240107094190472,EcoCare | Water Heater & Purification | Website Leads | JET,120240107284100472,CAMPAIGN_PAUSED,inactive,4345653362429991,18 March 2026,18 March 2026,0.0,0.0,0.0,0.0,,,,,,,,,,,,,,,,,,,,,,,,,,,,,
120240107310130472,Water-Softener_Deep-well,120240107094190472,EcoCare | Water Heater & Purification | Website Leads | JET,120240107284100472,CAMPAIGN_PAUSED,inactive,1563240584778724,18 March 2026,18 March 2026,0.0,0.0,0.0,0.0,,,,,,,,,,,,,,,,,,,,,,,,,,,,,
120240107284160472,Water-Softener_Evergreen-V1,120240107094190472,EcoCare | Water Heater & Purification | Website Leads | JET,120240107284100472,CAMPAIGN_PAUSED,inactive,951096177268798,18 March 2026,18 March 2026,0.0,0.0,0.0,0.0,,,,,,,,,,,,,,,,,,,,,,,,,,,,,
120240107284090472,Water-Softener_Evergreen-V2,120240107094190472,EcoCare | Water Heater & Purification | Website Leads | JET,120240107284100472,CAMPAIGN_PAUSED,inactive,1641293246871591,18 March 2026,18 March 2026,0.0,0.0,0.0,0.0,,,,,,,,,,,,,,,,,,,,,,,,,,,,,
120240107244950472,Heater_Water-Heater-Repair,120240107094190472,EcoCare | Water Heater & Purification | Website Leads | JET,120240107094350472,CAMPAIGN_PAUSED,inactive,25916331724732681,18 March 2026,18 March 2026,0.0,0.0,0.0,0.0,,,,,,,,,,,,,,,,,,,,,,,,,,,,,
120240107226200472,Heater_Tankless-Offer,120240107094190472,EcoCare | Water Heater & Purification | Website Leads | JET,120240107094350472,CAMPAIGN_PAUSED,inactive,998520939412284,18 March 2026,18 March 2026,0.0,0.0,0.0,0.0,,,,,,,,,,,,,,,,,,,,,,,,,,,,,
120240107203920472,Heatpump_Only-$39,120240107094190472,EcoCare | Water Heater & Purification | Website Leads | JET,120240107094350472,CAMPAIGN_PAUSED,inactive,918193017666267,18 March 2026,18 March 2026,0.0,0.0,0.0,0.0,,,,,,,,,,,,,,,,,,,,,,,,,,,,,
120240107181800472,Heater_Bundle-15off_V2,120240107094190472,EcoCare | Water Heater & Purification | Website Leads | JET,120240107094350472,CAMPAIGN_PAUSED,inactive,1485691456420743,18 March 2026,18 March 2026,0.0,0.0,0.0,0.0,,,,,,,,,,,,,,,,,,,,,,,,,,,,,
120240107094300472,Heater_Bundle-15off_V1,120240107094190472,EcoCare | Water Heater & Purification | Website Leads | JET,120240107094350472,CAMPAIGN_PAUSED,inactive,1690241379013468,18 March 2026,18 March 2026,0.0,0.0,0.0,0.0,,,,,,,,,,,,,,,,,,,,,,,,,,,,,
120240106960260472,Furnace_Tune-Up-Before&After,120240106516100472,EcoCare | Furnace | Website Leads | JET,120240106516140472,CAMPAIGN_PAUSED,inactive,1850090229070602,18 March 2026,18 March 2026,0.0,0.0,0.0,0.0,,,,,,,,,,,,,,,,,,,,,,,,,,,,,
120240106907320472,Furnace_Rebates,120240106516100472,EcoCare | Furnace | Website Leads | JET,120240106516140472,CAMPAIGN_PAUSED,inactive,969878955604621,18 March 2026,18 March 2026,0.0,0.0,0.0,0.0,,,,,,,,,,,,,,,,,,,,,,,,,,,,,
120240106825470472,Furnace_Free-iPad_V2,120240106516100472,EcoCare | Furnace | Website Leads | JET,120240106516140472,CAMPAIGN_PAUSED,inactive,821777130210952,18 March 2026,18 March 2026,0.0,0.0,0.0,0.0,,,,,,,,,,,,,,,,,,,,,,,,,,,,,
120240106774160472,Furnace_Free-iPad_V1,120240106516100472,EcoCare | Furnace | Website Leads | JET,120240106516140472,CAMPAIGN_PAUSED,inactive,1448873906884387,18 March 2026,18 March 2026,0.0,0.0,0.0,0.0,,,,,,,,,,,,,,,,,,,,,,,,,,,,,
120240106761080472,Furnace_Cycling,120240106516100472,EcoCare | Furnace | Website Leads | JET,120240106516140472,CAMPAIGN_PAUSED,inactive,971967675159715,18 March 2026,18 March 2026,0.0,0.0,0.0,0.0,,,,,,,,,,,,,,,,,,,,,,,,,,,,,
120240106516300472,Furnace_Emergency-Repair,120240106516100472,EcoCare | Furnace | Website Leads | JET,120240106516140472,CAMPAIGN_PAUSED,inactive,792370930124484,18 March 2026,18 March 2026,0.0,0.0,0.0,0.0,,,,,,,,,,,,,,,,,,,,,,,,,,,,,
120239909746680472,water-heater_$8000_mistake-VID,120236708171390472,EcoCare_WaterHeater | Leads | JET,120239909746640472,ADSET_PAUSED,inactive,2187751862057650,12 March 2026,18 March 2026,0.0,0.0,0.0,0.0,,,,,,,,,,,,,,,,,,,,,,,,,,,,,
120239909746670472,water-heater_Aadi-V1-VID,120236708171390472,EcoCare_WaterHeater | Leads | JET,120239909746640472,PAUSED,off,2092452728265952,12 March 2026,18 March 2026,0.0,0.0,0.0,0.0,,,,,,,,,,,,,,,,,,,,,,,,,,,,,
120239909746660472,water-heater_tank-heater-in-2026-VID,120236708171390472,EcoCare_WaterHeater | Leads | JET,120239909746640472,ADSET_PAUSED,inactive,1459636485872063,12 March 2026,18 March 2026,0.0,0.0,0.0,0.0,,,,,,,,,,,,,,,,,,,,,,,,,,,,,
120239909746630472,water-heater_ignoring_heater-VID,120236708171390472,EcoCare_WaterHeater | Leads | JET,120239909746640472,ADSET_PAUSED,inactive,26203564275947345,12 March 2026,18 March 2026,0.0,0.0,0.0,0.0,,,,,,,,,,,,,,,,,,,,,,,,,,,,,
120239585382610472,GuaranteedComfort_PeaceOfMind,120239585382450472,EcoCare_TEST | Leads | JET,120239585382530472,CAMPAIGN_PAUSED,inactive,923446947222877,5 March 2026,12 March 2026,0.0,0.0,0.0,0.0,,,,,,,,,,,,,,,,,,,,,,,,,,,,,
120239585382600472,WeekendPlans_PeaceOfMind,120239585382450472,EcoCare_TEST | Leads | JET,120239585382530472,CAMPAIGN_PAUSED,inactive,1509902804475751,5 March 2026,12 March 2026,0.0,0.0,0.0,0.0,,,,,,,,,,,,,,,,,,,,,,,,,,,,,
120239585382590472,Peace-Of-Mind_PeaceOfMind,120239585382450472,EcoCare_TEST | Leads | JET,120239585382530472,CAMPAIGN_PAUSED,inactive,1603614897534780,5 March 2026,12 March 2026,0.0,0.0,0.0,0.0,,,,,,,,,,,,,,,,,,,,,,,,,,,,,
120239585382510472,EnergyBill-Shock_Evergreen,120239585382450472,EcoCare_TEST | Leads | JET,120239585382560472,PAUSED,off,3773585892948083,5 March 2026,12 March 2026,0.0,0.0,0.0,0.0,,,,,,,,,,,,,,,,,,,,,,,,,,,,,
120239585382500472,PerfectTemp_Evergreen,120239585382450472,EcoCare_TEST | Leads | JET,120239585382560472,CAMPAIGN_PAUSED,inactive,804777795978225,5 March 2026,12 March 2026,0.0,0.0,0.0,0.0,,,,,,,,,,,,,,,,,,,,,,,,,,,,,
120239585382490472,FurnaceUpgrade_Evergreen,120239585382450472,EcoCare_TEST | Leads | JET,120239585382560472,PAUSED,off,1293532519493544,5 March 2026,12 March 2026,0.0,0.0,0.0,0.0,,,,,,,,,,,,,,,,,,,,,,,,,,,,,
120239547679570472,PerfectTemp_Evergreen,120239547439490472,EcoCare_TEST | Conversion Leads | JET,120239547548660472,CAMPAIGN_PAUSED,inactive,764596833083244,4 March 2026,4 March 2026,0.0,0.0,0.0,0.0,,,,,,,,,,,,,,,,,,,,,,,,,,,,,
120239547644450472,EnergyBill-Shock_Evergreen,120239547439490472,EcoCare_TEST | Conversion Leads | JET,120239547548660472,CAMPAIGN_PAUSED,inactive,1297191989126227,4 March 2026,4 March 2026,0.0,0.0,0.0,0.0,,,,,,,,,,,,,,,,,,,,,,,,,,,,,
120239547548670472,FurnaceUpgrade_Evergreen,120239547439490472,EcoCare_TEST | Conversion Leads | JET,120239547548660472,CAMPAIGN_PAUSED,inactive,4374107492879080,4 March 2026,4 March 2026,0.0,0.0,0.0,0.0,,,,,,,,,,,,,,,,,,,,,,,,,,,,,
120239547520040472,WeekendPlans_GuaranteedComfort,120239547439490472,EcoCare_TEST | Conversion Leads | JET,120239547439510472,CAMPAIGN_PAUSED,inactive,26143535105256462,4 March 2026,4 March 2026,0.0,0.0,0.0,0.0,,,,,,,,,,,,,,,,,,,,,,,,,,,,,
120239547513120472,GuaranteedComfort_PeaceOfMind,120239547439490472,EcoCare_TEST | Conversion Leads | JET,120239547439510472,CAMPAIGN_PAUSED,inactive,1278711917475961,4 March 2026,4 March 2026,0.0,0.0,0.0,0.0,,,,,,,,,,,,,,,,,,,,,,,,,,,,,
120239547439660472,Peace-Of-Mind_PeaceOfMind,120239547439490472,EcoCare_TEST | Conversion Leads | JET,120239547439510472,CAMPAIGN_PAUSED,inactive,2352923795176870,4 March 2026,4 March 2026,0.0,0.0,0.0,0.0,,,,,,,,,,,,,,,,,,,,,,,,,,,,,
120238991303130472,ecocare-offer-VID,120238842863940472,EcoCare  | Intro Offer Ads | Leads | JET,120238842863920472,CAMPAIGN_PAUSED,inactive,1728924961405981,20 February 2026,20 February 2026,0.0,0.0,0.0,0.0,,,,,,,,,,,,,,,,,,,,,,,,,,,,,
120238842863950472,water-heater_150off-woman,120238842863940472,EcoCare  | Intro Offer Ads | Leads | JET,120238842863920472,CAMPAIGN_PAUSED,inactive,938868392426353,16 February 2026,27 February 2026,0.0,0.0,0.0,0.0,,,,,,,,,,,,,,,,,,,,,,,,,,,,,
120238842863930472,water-heater+softener_15off-man,120238842863940472,EcoCare  | Intro Offer Ads | Leads | JET,120238842863920472,CAMPAIGN_PAUSED,inactive,1646204526558961,16 February 2026,27 February 2026,0.0,0.0,0.0,0.0,,,,,,,,,,,,,,,,,,,,,,,,,,,,,
120238757570960472,water-heater+softener_15off-man,120238757108780472,EcoCare  | Intro Offer Ads | Leads | JET | Lead-Conversions,120238757108630472,CAMPAIGN_PAUSED,inactive,5357931974432384,14 February 2026,14 February 2026,0.0,0.0,0.0,0.0,,,,,,,,,,,,,,,,,,,,,,,,,,,,,
120238757108680472,water-heater_150off-woman,120238757108780472,EcoCare  | Intro Offer Ads | Leads | JET | Lead-Conversions,120238757108630472,CAMPAIGN_PAUSED,inactive,1871617123463380,14 February 2026,14 February 2026,0.0,0.0,0.0,0.0,,,,,,,,,,,,,,,,,,,,,,,,,,,,,
120237838910690472,water-heater_Aadi-V1-VID,120236708171390472,EcoCare_WaterHeater | Leads | JET,120237832298060472,PAUSED,off,1375350853814468,22 January 2026,13 April 2026,0.0,0.0,0.0,0.0,,,,,,,,,,,,,,,,,,,,,,,,,,,,,
120237838901370472,water-heater_ignoring_heater-VID,120236708171390472,EcoCare_WaterHeater | Leads | JET,120237832298060472,ADSET_PAUSED,inactive,883565247982125,22 January 2026,13 April 2026,0.0,0.0,0.0,0.0,,,,,,,,,,,,,,,,,,,,,,,,,,,,,
120237838841270472,water-heater_$8000_mistake-VID,120236708171390472,EcoCare_WaterHeater | Leads | JET,120237832298060472,ADSET_PAUSED,inactive,1430182868496655,22 January 2026,13 April 2026,0.0,0.0,0.0,0.0,,,,,,,,,,,,,,,,,,,,,,,,,,,,,
120237838557930472,heatpump_Aadi_V2-VID,120236704643450472,EcoCare_Furnace/HeatPump | Leads | JET,120237838391380472,PAUSED,off,1968394077445714,22 January 2026,30 March 2026,0.0,0.0,0.0,0.0,,,,,,,,,,,,,,,,,,,,,,,,,,,,,
120237838547500472,heatpump_Aadi_V1-VID,120236704643450472,EcoCare_Furnace/HeatPump | Leads | JET,120237838391380472,ADSET_PAUSED,inactive,1430587125516651,22 January 2026,22 January 2026,0.0,0.0,0.0,0.0,,,,,,,,,,,,,,,,,,,,,,,,,,,,,
120237838495350472,heatpump_utility-bills-VID,120236704643450472,EcoCare_Furnace/HeatPump | Leads | JET,120237838391380472,ADSET_PAUSED,inactive,908790578201641,22 January 2026,24 January 2026,0.0,0.0,0.0,0.0,,,,,,,,,,,,,,,,,,,,,,,,,,,,,
120237838391370472,heatpump_rising-costs-VID,120236704643450472,EcoCare_Furnace/HeatPump | Leads | JET,120237838391380472,ADSET_PAUSED,inactive,1520963625654437,22 January 2026,25 January 2026,0.0,0.0,0.0,0.0,,,,,,,,,,,,,,,,,,,,,,,,,,,,,
120237832298100472,water-heater_tank-heater-in-2026-VID,120236708171390472,EcoCare_WaterHeater | Leads | JET,120237832298060472,ADSET_PAUSED,inactive,868974569218850,22 January 2026,13 April 2026,0.0,0.0,0.0,0.0,,,,,,,,,,,,,,,,,,,,,,,,,,,,,
120237636059100472,furnace_bill-notice,120236704643450472,EcoCare_Furnace/HeatPump | Leads | JET,120237635937400472,ADSET_PAUSED,inactive,1921239582134384,16 January 2026,26 January 2026,0.0,0.0,0.0,0.0,,,,,,,,,,,,,,,,,,,,,,,,,,,,,
120237636054760472,heatpump_banner,120236704643450472,EcoCare_Furnace/HeatPump | Leads | JET,120237635937400472,ADSET_PAUSED,inactive,1625361825256318,16 January 2026,26 January 2026,0.0,0.0,0.0,0.0,,,,,,,,,,,,,,,,,,,,,,,,,,,,,
120237636049430472,heatpump_basement,120236704643450472,EcoCare_Furnace/HeatPump | Leads | JET,120237635937400472,ADSET_PAUSED,inactive,1978397819403350,16 January 2026,26 January 2026,0.0,0.0,0.0,0.0,,,,,,,,,,,,,,,,,,,,,,,,,,,,,
120237636047740472,heatpump_basic-calloutv2,120236704643450472,EcoCare_Furnace/HeatPump | Leads | JET,120237635937400472,ADSET_PAUSED,inactive,1570582047304193,16 January 2026,26 January 2026,0.0,0.0,0.0,0.0,,,,,,,,,,,,,,,,,,,,,,,,,,,,,
120237635973860472,heatpump_basic-calloutv1,120236704643450472,EcoCare_Furnace/HeatPump | Leads | JET,120237635937400472,ADSET_PAUSED,inactive,1264261695519766,16 January 2026,26 January 2026,0.0,0.0,0.0,0.0,,,,,,,,,,,,,,,,,,,,,,,,,,,,,
120237635937420472,heatpump_utility-bill,120236704643450472,EcoCare_Furnace/HeatPump | Leads | JET,120237635937400472,ADSET_PAUSED,inactive,1441633574253875,16 January 2026,26 January 2026,0.0,0.0,0.0,0.0,,,,,,,,,,,,,,,,,,,,,,,,,,,,,
120237635927290472,water-heater_chartv1,120236708171390472,EcoCare_WaterHeater | Leads | JET,120237635875410472,ADSET_PAUSED,inactive,796405029563066,16 January 2026,27 March 2026,0.0,0.0,0.0,0.0,,,,,,,,,,,,,,,,,,,,,,,,,,,,,
120237635922780472,water-heater_ownership,120236708171390472,EcoCare_WaterHeater | Leads | JET,120237635875410472,PAUSED,off,987378093798534,16 January 2026,27 March 2026,0.0,0.0,0.0,0.0,,,,,,,,,,,,,,,,,,,,,,,,,,,,,
120237635913670472,water-heater_comparison,120236708171390472,EcoCare_WaterHeater | Leads | JET,120237635875410472,PAUSED,off,906661001937007,16 January 2026,27 March 2026,0.0,0.0,0.0,0.0,,,,,,,,,,,,,,,,,,,,,,,,,,,,,
120237635900370472,water-heater_chartv2,120236708171390472,EcoCare_WaterHeater | Leads | JET,120237635875410472,PAUSED,off,1314179947152402,16 January 2026,27 March 2026,0.0,0.0,0.0,0.0,,,,,,,,,,,,,,,,,,,,,,,,,,,,,
120237635875420472,water-heater_staredown,120236708171390472,EcoCare_WaterHeater | Leads | JET,120237635875410472,PAUSED,off,877273008344449,16 January 2026,27 March 2026,0.0,0.0,0.0,0.0,,,,,,,,,,,,,,,,,,,,,,,,,,,,,
120237558880530472,Water Heater 4,120236708171390472,EcoCare_WaterHeater | Leads | JET,120237558880540472,ADSET_PAUSED,inactive,865006099603617,14 January 2026,19 January 2026,0.0,0.0,0.0,0.0,,,,,,,,,,,,,,,,,,,,,,,,,,,,,
120237558880520472,Water Heater 5,120236708171390472,EcoCare_WaterHeater | Leads | JET,120237558880540472,ADSET_PAUSED,inactive,1237959988250071,14 January 2026,19 January 2026,0.0,0.0,0.0,0.0,,,,,,,,,,,,,,,,,,,,,,,,,,,,,
120237558880510472,Water Heater 6,120236708171390472,EcoCare_WaterHeater | Leads | JET,120237558880540472,ADSET_PAUSED,inactive,867994845844271,14 January 2026,19 January 2026,0.0,0.0,0.0,0.0,,,,,,,,,,,,,,,,,,,,,,,,,,,,,
120236708184570472,Water Heater 3,120236708171390472,EcoCare_WaterHeater | Leads | JET,120236708171460472,PAUSED,off,1588565185662954,23 December 2025,7 May 2026,0.0,0.0,0.0,0.0,,,,,,,,,,,,,,,,,,,,,,,,,,,,,
120236708184560472,Water Heater 2,120236708171390472,EcoCare_WaterHeater | Leads | JET,120236708171460472,PAUSED,off,1260012592323737,23 December 2025,7 May 2026,0.0,0.0,0.0,0.0,,,,,,,,,,,,,,,,,,,,,,,,,,,,,
120236708184550472,Water Heater 1,120236708171390472,EcoCare_WaterHeater | Leads | JET,120236708171460472,CAMPAIGN_PAUSED,inactive,998360432532595,23 December 2025,8 May 2026,0.0,0.0,0.0,0.0,,,,,,,,,,,,,,,,,,,,,,,,,,,,,
120236708047340472,Heat Pump + Furnace,120236704643450472,EcoCare_Furnace/HeatPump | Leads | JET,120236707719510472,CAMPAIGN_PAUSED,inactive,895887973000203,23 December 2025,23 April 2026,0.0,0.0,0.0,0.0,,,,,,,,,,,,,,,,,,,,,,,,,,,,,
120236708014130472,Heat Pump 2 - image,120236704643450472,EcoCare_Furnace/HeatPump | Leads | JET,120236707719510472,PAUSED,off,1377137010454043,23 December 2025,23 April 2026,0.0,0.0,0.0,0.0,,,,,,,,,,,,,,,,,,,,,,,,,,,,,
120236707719500472,Heat Pump 1,120236704643450472,EcoCare_Furnace/HeatPump | Leads | JET,120236707719510472,PAUSED,off,1518316299690959,23 December 2025,23 April 2026,0.0,0.0,0.0,0.0,,,,,,,,,,,,,,,,,,,,,,,,,,,,,
120236705949280472,Furnace Repair,120236704643450472,EcoCare_Furnace/HeatPump | Leads | JET,120236704643440472,ADSET_PAUSED,inactive,876935008610690,23 December 2025,27 March 2026,0.0,0.0,0.0,0.0,,,,,,,,,,,,,,,,,,,,,,,,,,,,,
120236705850780472,Peace of Mind Furnace,120236704643450472,EcoCare_Furnace/HeatPump | Leads | JET,120236704643440472,WITH_ISSUES,error,1193396378971051,23 December 2025,27 March 2026,0.0,0.0,0.0,0.0,,,,,,,,,,,,,,,,,,,,,,,,,,,,,
120236704643530472,New Furnace,120236704643450472,EcoCare_Furnace/HeatPump | Leads | JET,120236704643440472,ADSET_PAUSED,inactive,1627494828409478,23 December 2025,27 March 2026,0.0,0.0,0.0,0.0,,,,,,,,,,,,,,,,,,,,,,,,,,,,,
120236704643520472,Furnace / Heat Pump,120236704643450472,EcoCare_Furnace/HeatPump | Leads | JET,120236704643440472,ADSET_PAUSED,inactive,4235775543364104,23 December 2025,27 March 2026,0.0,0.0,0.0,0.0,,,,,,,,,,,,,,,,,,,,,,,,,,,,,
120236033399000472,Bundle offer,120236033059700472,Dec 10 F+H,120236033059690472,PAUSED,off,3139822432846454,10 December 2025,13 December 2025,0.0,0.0,0.0,0.0,,,,,,,,,,,,,,,,,,,,,,,,,,,,,
120236033398990472,Tank Water Heater,120236033059700472,Dec 10 F+H,120236033059690472,PAUSED,off,1189555933380216,10 December 2025,13 December 2025,0.0,0.0,0.0,0.0,,,,,,,,,,,,,,,,,,,,,,,,,,,,,
120236033398980472,Furnace 1,120236033059700472,Dec 10 F+H,120236033059690472,CAMPAIGN_PAUSED,inactive,1414164447040529,10 December 2025,10 December 2025,0.0,0.0,0.0,0.0,,,,,,,,,,,,,,,,,,,,,,,,,,,,,
120236033398970472,Heatpump 1,120236033059700472,Dec 10 F+H,120236033059690472,PAUSED,off,2031913984273008,10 December 2025,14 December 2025,0.0,0.0,0.0,0.0,,,,,,,,,,,,,,,,,,,,,,,,,,,,,
120236031891930472,Service,120235806142320472,Static Ad,120235806142310472,CAMPAIGN_PAUSED,inactive,1590009299016833,10 December 2025,10 December 2025,0.0,0.0,0.0,0.0,,,,,,,,,,,,,,,,,,,,,,,,,,,,,
120235806142300472,Water Treatment,120235806142320472,Static Ad,120235806142310472,CAMPAIGN_PAUSED,inactive,1424991825648510,6 December 2025,10 December 2025,0.0,0.0,0.0,0.0,,,,,,,,,,,,,,,,,,,,,,,,,,,,,
120235755465330472,New Leads ad,120235755465320472,New Leads campaign,120235755465340472,CAMPAIGN_PAUSED,inactive,1485247945869995,5 December 2025,23 December 2025,0.0,0.0,0.0,0.0,,,,,,,,,,,,,,,,,,,,,,,,,,,,,
120235547578760472,New Leads ad,120235547578740472,New Leads campaign,120235547578750472,CAMPAIGN_PAUSED,inactive,1496004754818638,2 December 2025,2 December 2025,0.0,0.0,0.0,0.0,,,,,,,,,,,,,,,,,,,,,,,,,,,,,
120235545113340472,New Leads ad,120235545113350472,New Leads campaign,120235545113360472,WITH_ISSUES,error,890632006725622,2 December 2025,23 December 2025,0.0,0.0,0.0,0.0,,,,,,,,,,,,,,,,,,,,,,,,,,,,,
120234977200900472,New Leads ad – Copy,120234975040700472,22nd November Water Heat/Softner Leads campaign,120234976387540472,ADSET_PAUSED,inactive,1542835086848567,22 November 2025,22 November 2025,0.0,0.0,0.0,0.0,,,,,,,,,,,,,,,,,,,,,,,,,,,,,
120234977118640472,New Leads ad – Copy,120234975040700472,22nd November Water Heat/Softner Leads campaign,120234975040710472,PAUSED,off,1090762032984927,22 November 2025,2 December 2025,0.0,0.0,0.0,0.0,,,,,,,,,,,,,,,,,,,,,,,,,,,,,
120234976387560472,New Leads ad – Copy,120234975040700472,22nd November Water Heat/Softner Leads campaign,120234976387540472,PAUSED,off,1503324197418449,22 November 2025,2 December 2025,0.0,0.0,0.0,0.0,,,,,,,,,,,,,,,,,,,,,,,,,,,,,
120234976387550472,New Leads ad,120234975040700472,22nd November Water Heat/Softner Leads campaign,120234976387540472,ADSET_PAUSED,inactive,857399240108176,22 November 2025,22 November 2025,0.0,0.0,0.0,0.0,,,,,,,,,,,,,,,,,,,,,,,,,,,,,
120234976383730472,New Leads ad,120234975040700472,22nd November Water Heat/Softner Leads campaign,120234976383720472,PAUSED,off,1434754355318623,22 November 2025,2 December 2025,0.0,0.0,0.0,0.0,,,,,,,,,,,,,,,,,,,,,,,,,,,,,
120234976383710472,New Leads ad – Copy,120234975040700472,22nd November Water Heat/Softner Leads campaign,120234976383720472,CAMPAIGN_PAUSED,inactive,827798416526672,22 November 2025,22 November 2025,0.0,0.0,0.0,0.0,,,,,,,,,,,,,,,,,,,,,,,,,,,,,
120234976319130472,New Leads ad,120234975040700472,22nd November Water Heat/Softner Leads campaign,120234976319140472,PAUSED,off,25472938659009042,22 November 2025,2 December 2025,0.0,0.0,0.0,0.0,,,,,,,,,,,,,,,,,,,,,,,,,,,,,
120234976319120472,New Leads ad – Copy,120234975040700472,22nd November Water Heat/Softner Leads campaign,120234976319140472,PAUSED,off,1942282019980103,22 November 2025,2 December 2025,0.0,0.0,0.0,0.0,,,,,,,,,,,,,,,,,,,,,,,,,,,,,
120234976289190472,New Leads ad – Copy,120234975040700472,22nd November Water Heat/Softner Leads campaign,120234975040710472,PAUSED,off,858803723371970,22 November 2025,2 December 2025,0.0,0.0,0.0,0.0,,,,,,,,,,,,,,,,,,,,,,,,,,,,,
120234975040720472,New Leads ad,120234975040700472,22nd November Water Heat/Softner Leads campaign,120234975040710472,PAUSED,off,1396087942231597,22 November 2025,2 December 2025,0.0,0.0,0.0,0.0,,,,,,,,,,,,,,,,,,,,,,,,,,,,,
120234974884300472,New Leads ad – Copy,120234972241840472,22nd November Furnace Leads campaign,120234974884310472,PAUSED,off,1342396827565645,22 November 2025,2 December 2025,0.0,0.0,0.0,0.0,,,,,,,,,,,,,,,,,,,,,,,,,,,,,
120234974884290472,New Leads ad,120234972241840472,22nd November Furnace Leads campaign,120234974884310472,PAUSED,off,3677521149068399,22 November 2025,2 December 2025,0.0,0.0,0.0,0.0,,,,,,,,,,,,,,,,,,,,,,,,,,,,,
120234974762070472,New Leads ad,120234972241840472,22nd November Furnace Leads campaign,120234974762060472,PAUSED,off,1071603051645370,22 November 2025,2 December 2025,0.0,0.0,0.0,0.0,,,,,,,,,,,,,,,,,,,,,,,,,,,,,
120234974630020472,New Leads ad,120234972241840472,22nd November Furnace Leads campaign,120234974630000472,PAUSED,off,1740941133263426,22 November 2025,2 December 2025,0.0,0.0,0.0,0.0,,,,,,,,,,,,,,,,,,,,,,,,,,,,,
120234974434100472,New Leads ad,120234972241840472,22nd November Furnace Leads campaign,120234974434090472,PAUSED,off,1881756499393862,22 November 2025,2 December 2025,0.0,0.0,0.0,0.0,,,,,,,,,,,,,,,,,,,,,,,,,,,,,
120234973421480472,New Leads ad,120234972241840472,22nd November Furnace Leads campaign,120234973421470472,PAUSED,off,1420037559483376,22 November 2025,2 December 2025,0.0,0.0,0.0,0.0,,,,,,,,,,,,,,,,,,,,,,,,,,,,,
120234972458570472,New Leads ad – Copy,120234972241840472,22nd November Furnace Leads campaign,120234972241860472,WITH_ISSUES,error,1545315640105108,22 November 2025,23 December 2025,0.0,0.0,0.0,0.0,,,,,,,,,,,,,,,,,,,,,,,,,,,,,
120234972241850472,New Leads ad,120234972241840472,22nd November Furnace Leads campaign,120234972241860472,PAUSED,off,1245987937307838,22 November 2025,2 December 2025,0.0,0.0,0.0,0.0,,,,,,,,,,,,,,,,,,,,,,,,,,,,,
120234963891450472,New Leads ad,120234923729400472,22nd November Service Leads campaign,120234963891460472,PAUSED,off,841480695159610,22 November 2025,2 December 2025,0.0,0.0,0.0,0.0,,,,,,,,,,,,,,,,,,,,,,,,,,,,,
120234923729380472,New Leads ad,120234923729400472,22nd November Service Leads campaign,120234923729390472,CAMPAIGN_PAUSED,inactive,816706187847957,22 November 2025,22 November 2025,0.0,0.0,0.0,0.0,,,,,,,,,,,,,,,,,,,,,,,,,,,,,
120234727064440472,VID,120234651074790472,New Content Cam,120234727064420472,ADSET_PAUSED,inactive,1894545631472864,18 November 2025,18 November 2025,0.0,0.0,0.0,0.0,,,,,,,,,,,,,,,,,,,,,,,,,,,,,
120234665524740472,IMAGE,120234651074790472,New Content Cam,120234665524730472,ADSET_PAUSED,inactive,1597593191599066,17 November 2025,17 November 2025,0.0,0.0,0.0,0.0,,,,,,,,,,,,,,,,,,,,,,,,,,,,,
120234661798680472,Tankless,120234651074790472,New Content Cam,120234661798670472,ADSET_PAUSED,inactive,3371948296293493,17 November 2025,17 November 2025,0.0,0.0,0.0,0.0,,,,,,,,,,,,,,,,,,,,,,,,,,,,,
120234660921790472,IMAGE2,120234651074790472,New Content Cam,120234651074800472,CAMPAIGN_PAUSED,inactive,3298131997021116,17 November 2025,17 November 2025,0.0,0.0,0.0,0.0,,,,,,,,,,,,,,,,,,,,,,,,,,,,,
120234655855900472,Water Softener IMAGE1,120234651074790472,New Content Cam,120234655855910472,ADSET_PAUSED,inactive,9857237521067531,17 November 2025,17 November 2025,0.0,0.0,0.0,0.0,,,,,,,,,,,,,,,,,,,,,,,,,,,,,
120234651074810472,IMAGE1,120234651074790472,New Content Cam,120234651074800472,CAMPAIGN_PAUSED,inactive,1390088052721617,17 November 2025,17 November 2025,0.0,0.0,0.0,0.0,,,,,,,,,,,,,,,,,,,,,,,,,,,,,
120234585196960472,Tankless2,120234550425160472,New Content Leads - 16/11,120234550425150472,CAMPAIGN_PAUSED,inactive,1159354459596821,16 November 2025,16 November 2025,0.0,0.0,0.0,0.0,,,,,,,,,,,,,,,,,,,,,,,,,,,,,
120234585151290472,Furnace VID,120234550425160472,New Content Leads - 16/11,120234550425150472,CAMPAIGN_PAUSED,inactive,814607464771158,16 November 2025,16 November 2025,0.0,0.0,0.0,0.0,,,,,,,,,,,,,,,,,,,,,,,,,,,,,
120234551418100472,Water Softner,120234550425160472,New Content Leads - 16/11,120234550425150472,CAMPAIGN_PAUSED,inactive,1487521402317879,15 November 2025,17 November 2025,0.0,0.0,0.0,0.0,,,,,,,,,,,,,,,,,,,,,,,,,,,,,
120234551251860472,Tankless,120234550425160472,New Content Leads - 16/11,120234550425150472,PAUSED,off,1527066898492465,15 November 2025,16 November 2025,0.0,0.0,0.0,0.0,,,,,,,,,,,,,,,,,,,,,,,,,,,,,
120234550425170472,Furnace,120234550425160472,New Content Leads - 16/11,120234550425150472,CAMPAIGN_PAUSED,inactive,1398101401979393,15 November 2025,16 November 2025,0.0,0.0,0.0,0.0,,,,,,,,,,,,,,,,,,,,,,,,,,,,,
120234453800340472,IMAGE6 (tankless),120233591960480472,Ecocare leads - 6/11,120233594479920472,PAUSED,off,4372415586324822,13 November 2025,15 November 2025,0.0,0.0,0.0,0.0,,,,,,,,,,,,,,,,,,,,,,,,,,,,,
120234417337910472,REPAIR,120234302169040472,Ecocare calls,120234302169050472,CAMPAIGN_PAUSED,inactive,1417168296643363,13 November 2025,15 November 2025,0.0,0.0,0.0,0.0,,,,,,,,,,,,,,,,,,,,,,,,,,,,,
120234415553000472,IMAGE,120233591960480472,Ecocare leads - 6/11,120234415552990472,ADSET_PAUSED,inactive,2467177480344511,13 November 2025,15 November 2025,0.0,0.0,0.0,0.0,,,,,,,,,,,,,,,,,,,,,,,,,,,,,
120234369709580472,Tankless2,120234302169040472,Ecocare calls,120234302169050472,PAUSED,off,1351063903065817,12 November 2025,15 November 2025,0.0,0.0,0.0,0.0,,,,,,,,,,,,,,,,,,,,,,,,,,,,,
120234369586950472,Water Softner2,120234302169040472,Ecocare calls,120234302169050472,PAUSED,off,785232341219700,12 November 2025,15 November 2025,0.0,0.0,0.0,0.0,,,,,,,,,,,,,,,,,,,,,,,,,,,,,
120234369015400472,IMAGE2 (softner),120233591960480472,Ecocare leads - 6/11,120234103880360472,PAUSED,off,875955734769465,12 November 2025,15 November 2025,0.0,0.0,0.0,0.0,,,,,,,,,,,,,,,,,,,,,,,,,,,,,
120234304548430472,Furnace,120234302169040472,Ecocare calls,120234302169050472,CAMPAIGN_PAUSED,inactive,3166221126908778,11 November 2025,15 November 2025,0.0,0.0,0.0,0.0,,,,,,,,,,,,,,,,,,,,,,,,,,,,,
120234302894020472,Water Softner,120234302169040472,Ecocare calls,120234302169050472,PAUSED,off,846100254638662,11 November 2025,15 November 2025,0.0,0.0,0.0,0.0,,,,,,,,,,,,,,,,,,,,,,,,,,,,,
120234302169030472,Tankless,120234302169040472,Ecocare calls,120234302169050472,PAUSED,off,2588516118202102,11 November 2025,15 November 2025,0.0,0.0,0.0,0.0,,,,,,,,,,,,,,,,,,,,,,,,,,,,,
120234246375000472,IMAGE3,120233591960480472,Ecocare leads - 6/11,120233591960490472,PAUSED,off,1459088039558012,10 November 2025,15 November 2025,0.0,0.0,0.0,0.0,,,,,,,,,,,,,,,,,,,,,,,,,,,,,
120234153903070472,IMAGE2,120234153903020472,Ecocare messaging,120234153903050472,CAMPAIGN_PAUSED,inactive,1155927009843996,8 November 2025,15 November 2025,0.0,0.0,0.0,0.0,,,,,,,,,,,,,,,,,,,,,,,,,,,,,
120234153903040472,IMAGE,120234153903020472,Ecocare messaging,120234153903060472,CAMPAIGN_PAUSED,inactive,1358682888983804,8 November 2025,15 November 2025,0.0,0.0,0.0,0.0,,,,,,,,,,,,,,,,,,,,,,,,,,,,,
120234153903030472,IMAGE,120234153903020472,Ecocare messaging,120234153903050472,CAMPAIGN_PAUSED,inactive,859121506554025,8 November 2025,15 November 2025,0.0,0.0,0.0,0.0,,,,,,,,,,,,,,,,,,,,,,,,,,,,,
120234112164400472,IMAGE2,120234110880200472,Ecocare messaging 8/11,120234110880210472,CAMPAIGN_PAUSED,inactive,879839381131817,7 November 2025,15 November 2025,0.0,0.0,0.0,0.0,,,,,,,,,,,,,,,,,,,,,,,,,,,,,
120234112039540472,IMAGE,120234110880200472,Ecocare messaging 8/11,120234112039530472,CAMPAIGN_PAUSED,inactive,733421922342233,7 November 2025,15 November 2025,0.0,0.0,0.0,0.0,,,,,,,,,,,,,,,,,,,,,,,,,,,,,
120234110880190472,IMAGE,120234110880200472,Ecocare messaging 8/11,120234110880210472,CAMPAIGN_PAUSED,inactive,840490968940018,7 November 2025,15 November 2025,0.0,0.0,0.0,0.0,,,,,,,,,,,,,,,,,,,,,,,,,,,,,
120234104632450472,IMAGE,120233591960480472,Ecocare leads - 6/11,120233976143670472,PAUSED,off,1520431939103755,7 November 2025,15 November 2025,0.0,0.0,0.0,0.0,,,,,,,,,,,,,,,,,,,,,,,,,,,,,
120234103880370472,IMAGE (softner),120233591960480472,Ecocare leads - 6/11,120234103880360472,CAMPAIGN_PAUSED,inactive,1168488481458482,7 November 2025,15 November 2025,0.0,0.0,0.0,0.0,,,,,,,,,,,,,,,,,,,,,,,,,,,,,
120234045797790472,IMAGE2 (furnace),120233591960480472,Ecocare leads - 6/11,120233591960490472,ADSET_PAUSED,inactive,1787081115333622,6 November 2025,15 November 2025,0.0,0.0,0.0,0.0,,,,,,,,,,,,,,,,,,,,,,,,,,,,,
120234045633450472,IMAGE2,120233702998800472,North  31/10,120233702998870472,CAMPAIGN_PAUSED,inactive,1549612016239112,6 November 2025,6 November 2025,0.0,0.0,0.0,0.0,,,,,,,,,,,,,,,,,,,,,,,,,,,,,
120233977169270472,IMAGE,120233702998800472,North  31/10,120233977169280472,CAMPAIGN_PAUSED,inactive,1391676049277698,5 November 2025,6 November 2025,0.0,0.0,0.0,0.0,,,,,,,,,,,,,,,,,,,,,,,,,,,,,
120233976143660472,VID,120233591960480472,Ecocare leads - 6/11,120233976143670472,ADSET_PAUSED,inactive,855967720422399,5 November 2025,15 November 2025,0.0,0.0,0.0,0.0,,,,,,,,,,,,,,,,,,,,,,,,,,,,,
120233974379070472,VID2,120233702998800472,North  31/10,120233702998870472,CAMPAIGN_PAUSED,inactive,697826486707561,5 November 2025,6 November 2025,0.0,0.0,0.0,0.0,,,,,,,,,,,,,,,,,,,,,,,,,,,,,
120233970920870472,VID2,120233591960480472,Ecocare leads - 6/11,120233591960490472,PAUSED,off,1389073419897291,5 November 2025,15 November 2025,0.0,0.0,0.0,0.0,,,,,,,,,,,,,,,,,,,,,,,,,,,,,
120233778737140472,VID,120233778737160472,Ecocare awareness 3/11,120233778737150472,CAMPAIGN_PAUSED,inactive,1306405484597332,2 November 2025,15 November 2025,0.0,0.0,0.0,0.0,,,,,,,,,,,,,,,,,,,,,,,,,,,,,
120233768180510472,IMAGE3 (tankless),120233591960480472,Ecocare leads - 6/11,120233594479920472,PAUSED,off,818793804198178,2 November 2025,15 November 2025,0.0,0.0,0.0,0.0,,,,,,,,,,,,,,,,,,,,,,,,,,,,,
120233768102260472,IMAGE4,120233702998800472,North  31/10,120233702998880472,CAMPAIGN_PAUSED,inactive,1368994197930315,2 November 2025,6 November 2025,0.0,0.0,0.0,0.0,,,,,,,,,,,,,,,,,,,,,,,,,,,,,
120233768072530472,IMAGE3,120233702998800472,North  31/10,120233702998880472,PAUSED,off,1345391193805758,2 November 2025,6 November 2025,0.0,0.0,0.0,0.0,,,,,,,,,,,,,,,,,,,,,,,,,,,,,
120233702998860472,IMAGE2,120233702998800472,North  31/10,120233702998880472,PAUSED,off,720124280398293,31 October 2025,6 November 2025,0.0,0.0,0.0,0.0,,,,,,,,,,,,,,,,,,,,,,,,,,,,,
120233702998850472,IMAGE,120233702998800472,North  31/10,120233702998880472,CAMPAIGN_PAUSED,inactive,1637621754317120,31 October 2025,6 November 2025,0.0,0.0,0.0,0.0,,,,,,,,,,,,,,,,,,,,,,,,,,,,,
120233702998840472,IMAGE,120233702998800472,North  31/10,120233702998810472,ADSET_PAUSED,inactive,1144260007793098,31 October 2025,6 November 2025,0.0,0.0,0.0,0.0,,,,,,,,,,,,,,,,,,,,,,,,,,,,,
120233702998830472,IMAGE,120233702998800472,North  31/10,120233702998870472,PAUSED,off,1258332879654162,31 October 2025,6 November 2025,0.0,0.0,0.0,0.0,,,,,,,,,,,,,,,,,,,,,,,,,,,,,
120233702998820472,VID,120233702998800472,North  31/10,120233702998870472,CAMPAIGN_PAUSED,inactive,2683228875368844,31 October 2025,6 November 2025,0.0,0.0,0.0,0.0,,,,,,,,,,,,,,,,,,,,,,,,,,,,,
120233595819340472,IMAGE,120233591960480472,Ecocare leads - 6/11,120233595819360472,ADSET_PAUSED,inactive,816937861223162,29 October 2025,15 November 2025,0.0,0.0,0.0,0.0,,,,,,,,,,,,,,,,,,,,,,,,,,,,,
120233594479910472,IMAGE (tankless),120233591960480472,Ecocare leads - 6/11,120233594479920472,CAMPAIGN_PAUSED,inactive,1145414434454655,29 October 2025,15 November 2025,0.0,0.0,0.0,0.0,,,,,,,,,,,,,,,,,,,,,,,,,,,,,
120233594014290472,VID,120233591960480472,Ecocare leads - 6/11,120233591960490472,ADSET_PAUSED,inactive,803704362454286,29 October 2025,15 November 2025,0.0,0.0,0.0,0.0,,,,,,,,,,,,,,,,,,,,,,,,,,,,,
120233591960500472,IMAGE,120233591960480472,Ecocare leads - 6/11,120233591960490472,PAUSED,off,1640431546918862,29 October 2025,15 November 2025,0.0,0.0,0.0,0.0,,,,,,,,,,,,,,,,,,,,,,,,,,,,,
120233387833530472,New Leads Ad - Copy,120233387764190472,Strategy 2 Aadi,120233387768340472,ADSET_PAUSED,inactive,720140907065514,27 October 2025,30 October 2025,0.0,0.0,0.0,0.0,,,,,,,,,,,,,,,,,,,,,,,,,,,,,
120233387833520472,New Leads Ad - Copy,120233387764190472,Strategy 2 Aadi,120233387768340472,ADSET_PAUSED,inactive,4207127229528280,27 October 2025,30 October 2025,0.0,0.0,0.0,0.0,,,,,,,,,,,,,,,,,,,,,,,,,,,,,
120233387833510472,New Leads Ad - Copy,120233387764190472,Strategy 2 Aadi,120233387768340472,ADSET_PAUSED,inactive,1337210048074991,27 October 2025,30 October 2025,0.0,0.0,0.0,0.0,,,,,,,,,,,,,,,,,,,,,,,,,,,,,
120233387833500472,New Leads Ad - Copy,120233387764190472,Strategy 2 Aadi,120233387768340472,ADSET_PAUSED,inactive,824011667028217,27 October 2025,30 October 2025,0.0,0.0,0.0,0.0,,,,,,,,,,,,,,,,,,,,,,,,,,,,,
120233387768350472,New Leads Ad,120233387764190472,Strategy 2 Aadi,120233387768340472,ADSET_PAUSED,inactive,2025424074966308,27 October 2025,30 October 2025,0.0,0.0,0.0,0.0,,,,,,,,,,,,,,,,,,,,,,,,,,,,,
120233386128520472,Heatpump - 1,120233366128370472,Aadi's Campaign,120233386128510472,CAMPAIGN_PAUSED,inactive,2314201109040071,27 October 2025,30 October 2025,0.0,0.0,0.0,0.0,,,,,,,,,,,,,,,,,,,,,,,,,,,,,
120233385833790472,Tankless-1,120233366128370472,Aadi's Campaign,120233385833780472,ADSET_PAUSED,inactive,816020844469379,27 October 2025,30 October 2025,0.0,0.0,0.0,0.0,,,,,,,,,,,,,,,,,,,,,,,,,,,,,
120233385178250472,furnace-3,120233366128370472,Aadi's Campaign,120233385178260472,ADSET_PAUSED,inactive,1346663330298287,27 October 2025,30 October 2025,0.0,0.0,0.0,0.0,,,,,,,,,,,,,,,,,,,,,,,,,,,,,
120233384980170472,Water Heater Ad,120233366128370472,Aadi's Campaign,120233384980180472,ADSET_PAUSED,inactive,1983319505572486,27 October 2025,30 October 2025,0.0,0.0,0.0,0.0,,,,,,,,,,,,,,,,,,,,,,,,,,,,,
120233384753200472,furnace-1,120233366128370472,Aadi's Campaign,120233384753210472,CAMPAIGN_PAUSED,inactive,1519649269227468,27 October 2025,30 October 2025,0.0,0.0,0.0,0.0,,,,,,,,,,,,,,,,,,,,,,,,,,,,,
120233366128510472,furnace-2,120233366128370472,Aadi's Campaign,120233366128480472,CAMPAIGN_PAUSED,inactive,1754608061923501,27 October 2025,30 October 2025,0.0,0.0,0.0,0.0,,,,,,,,,,,,,,,,,,,,,,,,,,,,,
120233297877130472,furnace UGC,120232725083980472,ECOCARE-heatpump-furnace – new campaign,120232725083990472,CAMPAIGN_PAUSED,inactive,2074388123319919,26 October 2025,30 October 2025,0.0,0.0,0.0,0.0,,,,,,,,,,,,,,,,,,,,,,,,,,,,,
120233297877110472,AI HEATPUMP VIDEO,120232725083980472,ECOCARE-heatpump-furnace – new campaign,120232725083990472,CAMPAIGN_PAUSED,inactive,812051428233240,26 October 2025,30 October 2025,0.0,0.0,0.0,0.0,,,,,,,,,,,,,,,,,,,,,,,,,,,,,
120233273666990472,Emergency Solution Seekers,120233218269910472,traffic_lexi ad,120233273666970472,CAMPAIGN_PAUSED,completed,758089253925329,25 October 2025,7 November 2025,0.0,0.0,0.0,0.0,,,,,,,,,,,,,,,,,,,,,,,,,,,,,
120233273662190472,Health-Conscious Individuals,120233218269910472,traffic_lexi ad,120233273662160472,CAMPAIGN_PAUSED,completed,1445342064263582,25 October 2025,7 November 2025,0.0,0.0,0.0,0.0,,,,,,,,,,,,,,,,,,,,,,,,,,,,,
120233273660560472,Tech-Savvy Canadians,120233218269910472,traffic_lexi ad,120233273660490472,CAMPAIGN_PAUSED,completed,4243303255903743,25 October 2025,6 November 2025,0.0,0.0,0.0,0.0,,,,,,,,,,,,,,,,,,,,,,,,,,,,,
120233273656640472,Young Sustainable Homeowners,120233218269910472,traffic_lexi ad,120233273656630472,CAMPAIGN_PAUSED,completed,716045364176131,25 October 2025,7 November 2025,0.0,0.0,0.0,0.0,,,,,,,,,,,,,,,,,,,,,,,,,,,,,
120233273655120472,Canadian Families,120233218269910472,traffic_lexi ad,120233273654920472,CAMPAIGN_PAUSED,completed,1885853192329028,25 October 2025,6 November 2025,0.0,0.0,0.0,0.0,,,,,,,,,,,,,,,,,,,,,,,,,,,,,
120233273653510472,Comfort-Focused Homeowners,120233218269910472,traffic_lexi ad,120233273653500472,CAMPAIGN_PAUSED,completed,814186624663666,25 October 2025,7 November 2025,0.0,0.0,0.0,0.0,,,,,,,,,,,,,,,,,,,,,,,,,,,,,
120233273651960472,Small Business Owners,120233218269910472,traffic_lexi ad,120233273651850472,CAMPAIGN_PAUSED,completed,1335255674706985,25 October 2025,6 November 2025,0.0,0.0,0.0,0.0,,,,,,,,,,,,,,,,,,,,,,,,,,,,,
120233273649610472,Eco-Conscious Homeowners,120233218269910472,traffic_lexi ad,120233273649600472,CAMPAIGN_PAUSED,completed,1222494929705689,25 October 2025,6 November 2025,0.0,0.0,0.0,0.0,,,,,,,,,,,,,,,,,,,,,,,,,,,,,
120233218278540472,Elevate Your Renovation Comfort 🍃❄️🔥,120233218269910472,traffic_lexi ad,120233218276940472,ADSET_PAUSED,completed,1546189576687611,24 October 2025,7 November 2025,0.0,0.0,0.0,0.0,,,,,,,,,,,,,,,,,,,,,,,,,,,,,
120233218278410472,Sustainable Comfort Made Simple 🌱❄️,120233218269910472,traffic_lexi ad,120233218277060472,CAMPAIGN_PAUSED,completed,803457272453989,24 October 2025,27 October 2025,0.0,0.0,0.0,0.0,,,,,,,,,,,,,,,,,,,,,,,,,,,,,
120233218277680472,"Breathe Better, Live Healthier 🌿",120233218269910472,traffic_lexi ad,120233218275620472,ADSET_PAUSED,completed,1153024162942877,24 October 2025,6 November 2025,0.0,0.0,0.0,0.0,,,,,,,,,,,,,,,,,,,,,,,,,,,,,
120233218276710472,Modern Comfort Starts Here 🌱❄️,120233218269910472,traffic_lexi ad,120233218272960472,ADSET_PAUSED,completed,4098484273815510,24 October 2025,6 November 2025,0.0,0.0,0.0,0.0,,,,,,,,,,,,,,,,,,,,,,,,,,,,,
120233218276570472,Stay Comfortable Year-Round with Local Experts 🍁,120233218269910472,traffic_lexi ad,120233218273080472,CAMPAIGN_PAUSED,completed,4200811276902753,24 October 2025,6 November 2025,0.0,0.0,0.0,0.0,,,,,,,,,,,,,,,,,,,,,,,,,,,,,
120233218275140472,"Affordable Comfort, All Year Round 🌞❄️",120233218269910472,traffic_lexi ad,120233218270220472,ADSET_PAUSED,completed,3000482816804196,24 October 2025,6 November 2025,0.0,0.0,0.0,0.0,,,,,,,,,,,,,,,,,,,,,,,,,,,,,
120233218274990472,Stay Comfortable Year-Round 🌡️,120233218269910472,traffic_lexi ad,120233218270080472,ADSET_PAUSED,completed,2319484581828068,24 October 2025,6 November 2025,0.0,0.0,0.0,0.0,,,,,,,,,,,,,,,,,,,,,,,,,,,,,
120233218272680472,Year-Round Comfort for Your Family 🏡❄️🔥,120233218269910472,traffic_lexi ad,120233218271220472,ADSET_PAUSED,completed,1831217757490378,24 October 2025,7 November 2025,0.0,0.0,0.0,0.0,,,,,,,,,,,,,,,,,,,,,,,,,,,,,
120233218272530472,Sustainable Comfort Starts Here 🌱,120233218269910472,traffic_lexi ad,120233218271230472,ADSET_PAUSED,completed,1974910189940386,24 October 2025,6 November 2025,0.0,0.0,0.0,0.0,,,,,,,,,,,,,,,,,,,,,,,,,,,,,
120233122241700472,heat-pump-23-oct,120232474289320472,"Heat-Pump Lead Gen – GTA – OCTOBER 15, 2025",120232474289430472,CAMPAIGN_PAUSED,inactive,1128315915682232,23 October 2025,23 October 2025,0.0,0.0,0.0,0.0,,,,,,,,,,,,,,,,,,,,,,,,,,,,,
120232834358910472,tankless-water-heater-3,120231926389690472,"Water Heater Lead Gen – GTA – OCTOBER 4, 2025",120231926824170472,CAMPAIGN_PAUSED,inactive,24814412621502574,19 October 2025,26 October 2025,0.0,0.0,0.0,0.0,,,,,,,,,,,,,,,,,,,,,,,,,,,,,
120232834262360472,WATER HETER-video1,120231926389690472,"Water Heater Lead Gen – GTA – OCTOBER 4, 2025",120231926824170472,CAMPAIGN_PAUSED,inactive,791594177182228,19 October 2025,27 October 2025,0.0,0.0,0.0,0.0,,,,,,,,,,,,,,,,,,,,,,,,,,,,,
120232834119550472,water-heater-static-2 –,120231926389690472,"Water Heater Lead Gen – GTA – OCTOBER 4, 2025",120231926824170472,CAMPAIGN_PAUSED,inactive,833231782592666,19 October 2025,26 October 2025,0.0,0.0,0.0,0.0,,,,,,,,,,,,,,,,,,,,,,,,,,,,,
120232834119540472,static-post-3 –,120231926389690472,"Water Heater Lead Gen – GTA – OCTOBER 4, 2025",120231926824170472,PAUSED,off,2032433410854057,19 October 2025,26 October 2025,0.0,0.0,0.0,0.0,,,,,,,,,,,,,,,,,,,,,,,,,,,,,
120232834119530472,water-heater-static-1,120231926389690472,"Water Heater Lead Gen – GTA – OCTOBER 4, 2025",120231926824170472,CAMPAIGN_PAUSED,inactive,4261850184084964,19 October 2025,26 October 2025,0.0,0.0,0.0,0.0,,,,,,,,,,,,,,,,,,,,,,,,,,,,,
120232833365460472,Heat-Pump-static-2,120232474289320472,"Heat-Pump Lead Gen – GTA – OCTOBER 15, 2025",120232474289430472,CAMPAIGN_PAUSED,inactive,826944199921955,19 October 2025,22 October 2025,0.0,0.0,0.0,0.0,,,,,,,,,,,,,,,,,,,,,,,,,,,,,
120232832241380472,Heat-Pump-1,120232474289320472,"Heat-Pump Lead Gen – GTA – OCTOBER 15, 2025",120232474289430472,CAMPAIGN_PAUSED,inactive,1544110636894919,19 October 2025,22 October 2025,0.0,0.0,0.0,0.0,,,,,,,,,,,,,,,,,,,,,,,,,,,,,
120232766291640472,furnance-2,120229779535500472,22 august – furnaces,120232654866200472,ADSET_PAUSED,inactive,1477231546902505,18 October 2025,24 October 2025,0.0,0.0,0.0,0.0,,,,,,,,,,,,,,,,,,,,,,,,,,,,,
120232737419030472,Heat-Pump-3,120232474289320472,"Heat-Pump Lead Gen – GTA – OCTOBER 15, 2025",120232474289430472,PAUSED,off,1545257996824958,17 October 2025,22 October 2025,0.0,0.0,0.0,0.0,,,,,,,,,,,,,,,,,,,,,,,,,,,,,
120232725084000472,bundle offers,120232725083980472,ECOCARE-heatpump-furnace – new campaign,120232725083990472,CAMPAIGN_PAUSED,inactive,1097145505834064,26 October 2025,30 October 2025,0.0,0.0,0.0,0.0,,,,,,,,,,,,,,,,,,,,,,,,,,,,,
120232654866240472,New Leads ad,120229779535500472,22 august – furnaces,120232654866200472,PAUSED,off,1910060612909182,16 October 2025,24 October 2025,0.0,0.0,0.0,0.0,,,,,,,,,,,,,,,,,,,,,,,,,,,,,
120232654866230472,Furnance-1,120229779535500472,22 august – furnaces,120232654866200472,ADSET_PAUSED,inactive,713265964441084,16 October 2025,24 October 2025,0.0,0.0,0.0,0.0,,,,,,,,,,,,,,,,,,,,,,,,,,,,,
120232654866220472,New Leads ad,120229779535500472,22 august – furnaces,120232654866200472,PAUSED,off,784870094528848,16 October 2025,24 October 2025,0.0,0.0,0.0,0.0,,,,,,,,,,,,,,,,,,,,,,,,,,,,,
120232654866210472,tankless water heater,120229779535500472,22 august – furnaces,120232654866200472,PAUSED,off,1481951516387659,16 October 2025,24 October 2025,0.0,0.0,0.0,0.0,,,,,,,,,,,,,,,,,,,,,,,,,,,,,
120232654866190472,water softener,120229779535500472,22 august – furnaces,120232654866200472,ADSET_PAUSED,inactive,788980330558363,16 October 2025,24 October 2025,0.0,0.0,0.0,0.0,,,,,,,,,,,,,,,,,,,,,,,,,,,,,
120232654866180472,heat pump,120229779535500472,22 august – furnaces,120232654866200472,ADSET_PAUSED,inactive,1484351486156043,16 October 2025,24 October 2025,0.0,0.0,0.0,0.0,,,,,,,,,,,,,,,,,,,,,,,,,,,,,
120232654866170472,furnace,120229779535500472,22 august – furnaces,120232654866200472,PAUSED,off,1506298307287137,16 October 2025,24 October 2025,0.0,0.0,0.0,0.0,,,,,,,,,,,,,,,,,,,,,,,,,,,,,
120232474289470472,Heat-pump-video1,120232474289320472,"Heat-Pump Lead Gen – GTA – OCTOBER 15, 2025",120232474289430472,CAMPAIGN_PAUSED,inactive,1323374169434272,15 October 2025,22 October 2025,0.0,0.0,0.0,0.0,,,,,,,,,,,,,,,,,,,,,,,,,,,,,
120231927351760472,tankless water heater,120231926389690472,"Water Heater Lead Gen – GTA – OCTOBER 4, 2025",120231926824170472,CAMPAIGN_PAUSED,inactive,795463476755039,3 October 2025,6 November 2025,0.0,0.0,0.0,0.0,,,,,,,,,,,,,,,,,,,,,,,,,,,,,
120231926824180472,Tankless-water-heater-static-1,120231926389690472,"Water Heater Lead Gen – GTA – OCTOBER 4, 2025",120231926824170472,CAMPAIGN_PAUSED,inactive,810663981585172,3 October 2025,26 October 2025,0.0,0.0,0.0,0.0,,,,,,,,,,,,,,,,,,,,,,,,,,,,,
120231923587160472,Image 6 - Copy,120231921963550472,BT - EHC - Leads - Age Groups PlFR - Test - 4,120231921963570472,CAMPAIGN_PAUSED,inactive,1530161851476043,3 October 2025,3 October 2025,0.0,0.0,0.0,0.0,,,,,,,,,,,,,,,,,,,,,,,,,,,,,
120231923563640472,Image 4 - Copy 2,120231921963550472,BT - EHC - Leads - Age Groups PlFR - Test - 4,120231921963570472,CAMPAIGN_PAUSED,inactive,798621989202201,3 October 2025,4 October 2025,0.0,0.0,0.0,0.0,,,,,,,,,,,,,,,,,,,,,,,,,,,,,
120231921963560472,Image 8,120231921963550472,BT - EHC - Leads - Age Groups PlFR - Test - 4,120231921963570472,CAMPAIGN_PAUSED,inactive,4106899406292509,3 October 2025,3 October 2025,0.0,0.0,0.0,0.0,,,,,,,,,,,,,,,,,,,,,,,,,,,,,
120231921963540472,Image 10,120231921963550472,BT - EHC - Leads - Age Groups PlFR - Test - 4,120231921963570472,CAMPAIGN_PAUSED,inactive,1833281857336190,3 October 2025,3 October 2025,0.0,0.0,0.0,0.0,,,,,,,,,,,,,,,,,,,,,,,,,,,,,
120231921963530472,Image 9,120231921963550472,BT - EHC - Leads - Age Groups PlFR - Test - 4,120231921963570472,PAUSED,off,1122654919493298,3 October 2025,3 October 2025,0.0,0.0,0.0,0.0,,,,,,,,,,,,,,,,,,,,,,,,,,,,,
120231921963520472,Image 11,120231921963550472,BT - EHC - Leads - Age Groups PlFR - Test - 4,120231921963570472,PAUSED,off,25160179756923486,3 October 2025,3 October 2025,0.0,0.0,0.0,0.0,,,,,,,,,,,,,,,,,,,,,,,,,,,,,
120231871570240472,Video 2,120231871570190472,BT - EHC - Leads - Age Groups PlFR - Test - 3 - Copy,120231871570160472,CAMPAIGN_PAUSED,inactive,2897292023801991,2 October 2025,2 October 2025,0.0,0.0,0.0,0.0,,,,,,,,,,,,,,,,,,,,,,,,,,,,,
120231871570230472,Video 2,120231871570130472,BT - EHC - Leads - Age Groups PlFR - Test - 3 - Copy,120231871570170472,CAMPAIGN_PAUSED,inactive,2897292023801991,2 October 2025,2 October 2025,0.0,0.0,0.0,0.0,,,,,,,,,,,,,,,,,,,,,,,,,,,,,
120231871570220472,Video 4,120231871570190472,BT - EHC - Leads - Age Groups PlFR - Test - 3 - Copy,120231871570160472,CAMPAIGN_PAUSED,inactive,1318312629950535,2 October 2025,2 October 2025,0.0,0.0,0.0,0.0,,,,,,,,,,,,,,,,,,,,,,,,,,,,,
120231871570210472,Videos 3,120231871570190472,BT - EHC - Leads - Age Groups PlFR - Test - 3 - Copy,120231871570160472,CAMPAIGN_PAUSED,inactive,1548570829655374,2 October 2025,2 October 2025,0.0,0.0,0.0,0.0,,,,,,,,,,,,,,,,,,,,,,,,,,,,,
120231871570200472,Videos 3,120231871570130472,BT - EHC - Leads - Age Groups PlFR - Test - 3 - Copy,120231871570170472,CAMPAIGN_PAUSED,inactive,1548570829655374,2 October 2025,2 October 2025,0.0,0.0,0.0,0.0,,,,,,,,,,,,,,,,,,,,,,,,,,,,,
120231871570180472,Video 4,120231871570130472,BT - EHC - Leads - Age Groups PlFR - Test - 3 - Copy,120231871570170472,CAMPAIGN_PAUSED,inactive,1318312629950535,2 October 2025,2 October 2025,0.0,0.0,0.0,0.0,,,,,,,,,,,,,,,,,,,,,,,,,,,,,
120231871570150472,Video 1,120231871570190472,BT - EHC - Leads - Age Groups PlFR - Test - 3 - Copy,120231871570160472,CAMPAIGN_PAUSED,inactive,801921305539515,2 October 2025,2 October 2025,0.0,0.0,0.0,0.0,,,,,,,,,,,,,,,,,,,,,,,,,,,,,
120231871570140472,Video 1,120231871570130472,BT - EHC - Leads - Age Groups PlFR - Test - 3 - Copy,120231871570170472,CAMPAIGN_PAUSED,inactive,801921305539515,2 October 2025,2 October 2025,0.0,0.0,0.0,0.0,,,,,,,,,,,,,,,,,,,,,,,,,,,,,
120231833897180472,Video 4,120231830517840472,BT - EHC - Leads - Age Groups PlFR - Test - 3,120231830517870472,CAMPAIGN_PAUSED,inactive,1318312629950535,1 October 2025,1 October 2025,0.0,0.0,0.0,0.0,,,,,,,,,,,,,,,,,,,,,,,,,,,,,
120231833750090472,Video 1,120231830517840472,BT - EHC - Leads - Age Groups PlFR - Test - 3,120231830517870472,CAMPAIGN_PAUSED,inactive,801921305539515,1 October 2025,1 October 2025,0.0,0.0,0.0,0.0,,,,,,,,,,,,,,,,,,,,,,,,,,,,,
120231833686900472,Videos 3,120231830517840472,BT - EHC - Leads - Age Groups PlFR - Test - 3,120231830517870472,CAMPAIGN_PAUSED,inactive,1548570829655374,1 October 2025,1 October 2025,0.0,0.0,0.0,0.0,,,,,,,,,,,,,,,,,,,,,,,,,,,,,
120231833619440472,Video 2,120231830517840472,BT - EHC - Leads - Age Groups PlFR - Test - 3,120231830517870472,PAUSED,off,2897292023801991,1 October 2025,4 October 2025,0.0,0.0,0.0,0.0,,,,,,,,,,,,,,,,,,,,,,,,,,,,,
120231768015890472,Image 1 - Revised,120231768015900472,BT - EHC - Leads CPG - A45 - WiCr - 3,120231768015920472,CAMPAIGN_PAUSED,inactive,1122312896169236,30 September 2025,30 September 2025,0.0,0.0,0.0,0.0,,,,,,,,,,,,,,,,,,,,,,,,,,,,,
120231768015880472,Videos 3,120231768015900472,BT - EHC - Leads CPG - A45 - WiCr - 3,120231768015920472,CAMPAIGN_PAUSED,inactive,1548570829655374,30 September 2025,1 October 2025,0.0,0.0,0.0,0.0,,,,,,,,,,,,,,,,,,,,,,,,,,,,,
120231715344830472,Image 7,120231367388670472,BT - EHC - Leads - Age Groups - Test,120231370391960472,PAUSED,off,1845766542991550,29 September 2025,30 October 2025,0.0,0.0,0.0,0.0,,,,,,,,,,,,,,,,,,,,,,,,,,,,,
120231714958150472,Image 6,120231367388670472,BT - EHC - Leads - Age Groups - Test,120231370391960472,CAMPAIGN_PAUSED,inactive,4155097954728522,29 September 2025,30 October 2025,0.0,0.0,0.0,0.0,,,,,,,,,,,,,,,,,,,,,,,,,,,,,
120231664883890472,Image 1 - Revised - Copy,120231598077410472,BT - EHC - Leads - A45 - WiCr,120231664783510472,CAMPAIGN_PAUSED,inactive,1253450913199780,28 September 2025,28 September 2025,0.0,0.0,0.0,0.0,,,,,,,,,,,,,,,,,,,,,,,,,,,,,
120231664883880472,Image 4 - Copy,120231598077410472,BT - EHC - Leads - A45 - WiCr,120231664783510472,PAUSED,off,1477896103456749,28 September 2025,1 October 2025,0.0,0.0,0.0,0.0,,,,,,,,,,,,,,,,,,,,,,,,,,,,,
120231599922850472,Image 5 - Copy,120231367388670472,BT - EHC - Leads - Age Groups - Test,120231370070840472,ADSET_PAUSED,inactive,1527173038735208,27 September 2025,27 September 2025,0.0,0.0,0.0,0.0,,,,,,,,,,,,,,,,,,,,,,,,,,,,,
120231599506980472,Image 5,120231367388670472,BT - EHC - Leads - Age Groups - Test,120231370391960472,CAMPAIGN_PAUSED,inactive,1787288895262640,27 September 2025,30 October 2025,0.0,0.0,0.0,0.0,,,,,,,,,,,,,,,,,,,,,,,,,,,,,
120231598077440472,Image 4,120231598077410472,BT - EHC - Leads - A45 - WiCr,120231598077400472,ADSET_PAUSED,inactive,1125502412433700,27 September 2025,28 September 2025,0.0,0.0,0.0,0.0,,,,,,,,,,,,,,,,,,,,,,,,,,,,,
120231598077380472,Image 1 - Revised,120231598077410472,BT - EHC - Leads - A45 - WiCr,120231598077400472,ADSET_PAUSED,inactive,792073793413939,27 September 2025,28 September 2025,0.0,0.0,0.0,0.0,,,,,,,,,,,,,,,,,,,,,,,,,,,,,
120231514581870472,Image 4,120231367388670472,BT - EHC - Leads - Age Groups - Test,120231370391960472,WITH_ISSUES,error,1132526598335266,26 September 2025,30 October 2025,0.0,0.0,0.0,0.0,,,,,,,,,,,,,,,,,,,,,,,,,,,,,
120231512913540472,Image 4,120231367388670472,BT - EHC - Leads - Age Groups - Test,120231370070840472,ADSET_PAUSED,inactive,645088991735274,26 September 2025,26 September 2025,0.0,0.0,0.0,0.0,,,,,,,,,,,,,,,,,,,,,,,,,,,,,
120231512067440472,Image 1 - Revised,120231367388670472,BT - EHC - Leads - Age Groups - Test,120231370070840472,ADSET_PAUSED,inactive,1497848118234163,26 September 2025,26 September 2025,0.0,0.0,0.0,0.0,,,,,,,,,,,,,,,,,,,,,,,,,,,,,
120231511183350472,Image 1 - Revised,120231367388670472,BT - EHC - Leads - Age Groups - Test,120231370391960472,PAUSED,off,2705603622980444,26 September 2025,30 October 2025,0.0,0.0,0.0,0.0,,,,,,,,,,,,,,,,,,,,,,,,,,,,,
120231370391970472,Image 1,120231367388670472,BT - EHC - Leads - Age Groups - Test,120231370391960472,PAUSED,off,802452262328694,23 September 2025,30 October 2025,0.0,0.0,0.0,0.0,,,,,,,,,,,,,,,,,,,,,,,,,,,,,
120231370391950472,Image 3,120231367388670472,BT - EHC - Leads - Age Groups - Test,120231370391960472,CAMPAIGN_PAUSED,inactive,828512769746788,23 September 2025,30 October 2025,0.0,0.0,0.0,0.0,,,,,,,,,,,,,,,,,,,,,,,,,,,,,
120231370391940472,Image 2,120231367388670472,BT - EHC - Leads - Age Groups - Test,120231370391960472,PAUSED,off,1205809091303542,23 September 2025,30 October 2025,0.0,0.0,0.0,0.0,,,,,,,,,,,,,,,,,,,,,,,,,,,,,
120231370070870472,Image 1,120231367388670472,BT - EHC - Leads - Age Groups - Test,120231370070840472,PAUSED,off,1106847054953804,23 September 2025,26 September 2025,0.0,0.0,0.0,0.0,,,,,,,,,,,,,,,,,,,,,,,,,,,,,
120231370070860472,Image 2,120231367388670472,BT - EHC - Leads - Age Groups - Test,120231370070840472,PAUSED,off,1498281031495542,23 September 2025,26 September 2025,0.0,0.0,0.0,0.0,,,,,,,,,,,,,,,,,,,,,,,,,,,,,
120231370070850472,Image 3,120231367388670472,BT - EHC - Leads - Age Groups - Test,120231370070840472,ADSET_PAUSED,inactive,1332177981965494,23 September 2025,26 September 2025,0.0,0.0,0.0,0.0,,,,,,,,,,,,,,,,,,,,,,,,,,,,,
120230039969190472,New Leads ad,120230039968990472,Leads,120230039969150472,CAMPAIGN_PAUSED,inactive,1128457155799450,27 August 2025,27 August 2025,0.0,0.0,0.0,0.0,,,,,,,,,,,,,,,,,,,,,,,,,,,,,
120230030340330472,furnace,120229779535500472,22 august – furnaces,120229779535490472,CAMPAIGN_PAUSED,inactive,1098703912075456,27 August 2025,18 October 2025,0.0,0.0,0.0,0.0,,,,,,,,,,,,,,,,,,,,,,,,,,,,,
120229955918440472,tankless water heater,120229955918390472,26 august –engaged with ad,120229955918370472,CAMPAIGN_PAUSED,inactive,1128244345843520,26 August 2025,27 August 2025,0.0,0.0,0.0,0.0,,,,,,,,,,,,,,,,,,,,,,,,,,,,,
120229955918420472,ac – Copy,120229955918390472,26 august –engaged with ad,120229955918370472,CAMPAIGN_PAUSED,inactive,1109679093982806,26 August 2025,27 August 2025,0.0,0.0,0.0,0.0,,,,,,,,,,,,,,,,,,,,,,,,,,,,,
120229955918410472,New Leads ad,120229955918390472,26 august –engaged with ad,120229955918370472,CAMPAIGN_PAUSED,inactive,2500391127001507,26 August 2025,27 August 2025,0.0,0.0,0.0,0.0,,,,,,,,,,,,,,,,,,,,,,,,,,,,,
120229955918400472,endless hot water,120229955918390472,26 august –engaged with ad,120229955918370472,CAMPAIGN_PAUSED,inactive,797764622934831,26 August 2025,27 August 2025,0.0,0.0,0.0,0.0,,,,,,,,,,,,,,,,,,,,,,,,,,,,,
120229955460560472,furnace-1,120229779535500472,22 august – furnaces,120229779535490472,PAUSED,off,2077394763068666,26 August 2025,23 October 2025,0.0,0.0,0.0,0.0,,,,,,,,,,,,,,,,,,,,,,,,,,,,,
120229955380260472,ac,120229955380220472,26 august – custom audience - Tailored leads campaign  Campaign,120229955380230472,CAMPAIGN_PAUSED,inactive,1100886748832634,26 August 2025,26 August 2025,0.0,0.0,0.0,0.0,,,,,,,,,,,,,,,,,,,,,,,,,,,,,
120229955380250472,endless hot water,120229955380220472,26 august – custom audience - Tailored leads campaign  Campaign,120229955380230472,CAMPAIGN_PAUSED,inactive,796674239557986,26 August 2025,26 August 2025,0.0,0.0,0.0,0.0,,,,,,,,,,,,,,,,,,,,,,,,,,,,,
120229955380240472,water softener,120229955380220472,26 august – custom audience - Tailored leads campaign  Campaign,120229955380230472,CAMPAIGN_PAUSED,inactive,738083555729629,26 August 2025,26 August 2025,0.0,0.0,0.0,0.0,,,,,,,,,,,,,,,,,,,,,,,,,,,,,
120229955380200472,ac – Copy,120229955380220472,26 august – custom audience - Tailored leads campaign  Campaign,120229955380230472,CAMPAIGN_PAUSED,inactive,1104511714988320,26 August 2025,26 August 2025,0.0,0.0,0.0,0.0,,,,,,,,,,,,,,,,,,,,,,,,,,,,,
120229955380170472,tankless water heater,120229955380220472,26 august – custom audience - Tailored leads campaign  Campaign,120229955380230472,CAMPAIGN_PAUSED,inactive,617902821153272,26 August 2025,26 August 2025,0.0,0.0,0.0,0.0,,,,,,,,,,,,,,,,,,,,,,,,,,,,,
120229816796080472,New Engagement ad,120229816795570472,23 aug 2025,120229816795770472,CAMPAIGN_PAUSED,inactive,1536884037280381,23 August 2025,26 August 2025,0.0,0.0,0.0,0.0,,,,,,,,,,,,,,,,,,,,,,,,,,,,,
120229780846100472,who we are,120229780846080472,22 august –who we are,120229780846110472,CAMPAIGN_PAUSED,inactive,1479275723497729,22 August 2025,22 August 2025,0.0,0.0,0.0,0.0,,,,,,,,,,,,,,,,,,,,,,,,,,,,,
120229780846090472,tankless water heater,120229780846080472,22 august –who we are,120229780846110472,CAMPAIGN_PAUSED,inactive,757298040372840,22 August 2025,22 August 2025,0.0,0.0,0.0,0.0,,,,,,,,,,,,,,,,,,,,,,,,,,,,,
120229779923560472,heat pump,120229779535500472,22 august – furnaces,120229779535490472,CAMPAIGN_PAUSED,inactive,1484351486156043,22 August 2025,14 October 2025,0.0,0.0,0.0,0.0,,,,,,,,,,,,,,,,,,,,,,,,,,,,,
120229779535530472,endless hot water,120229779535500472,22 august – furnaces,120229779535490472,CAMPAIGN_PAUSED,inactive,785049764416511,22 August 2025,14 October 2025,0.0,0.0,0.0,0.0,,,,,,,,,,,,,,,,,,,,,,,,,,,,,
120229779535520472,water softener,120229779535500472,22 august – furnaces,120229779535490472,CAMPAIGN_PAUSED,inactive,788980330558363,22 August 2025,14 October 2025,0.0,0.0,0.0,0.0,,,,,,,,,,,,,,,,,,,,,,,,,,,,,
120229779535510472,new furnace ad,120229779535500472,22 august – furnaces,120229779535490472,CAMPAIGN_PAUSED,inactive,3964772653825595,22 August 2025,25 October 2025,0.0,0.0,0.0,0.0,,,,,,,,,,,,,,,,,,,,,,,,,,,,,
